timestamp,temperature_C,humidity_percent,traffic_index,demand_kWh
2025-05-01 00:00:00,29.93,55.07,0.56,41.85
2025-05-01 01:00:00,27.57,71.92,0.85,46.19
2025-05-01 02:00:00,34.86,50.26,0.04,39.59
2025-05-01 03:00:00,21.1,46.1,0.27,27.69
2025-05-01 04:00:00,31.14,55.22,0.01,38.81
2025-05-01 05:00:00,36.14,58.17,0.31,43.66
2025-05-01 06:00:00,34.07,63.29,0.14,44.54
2025-05-01 07:00:00,32.29,69.86,0.43,44.34
2025-05-01 08:00:00,33.96,58.44,0.2,42.74
2025-05-01 09:00:00,31.33,50.71,0.66,41.39
2025-05-01 10:00:00,31.62,66.2,0.82,52.01
2025-05-01 11:00:00,23.55,71.69,0.14,44.67
2025-05-01 12:00:00,37.7,74.22,0.31,50.93
2025-05-01 13:00:00,24.15,53.72,0.01,45.28
2025-05-01 14:00:00,39.42,41.38,0.41,42.81
2025-05-01 15:00:00,38.0,63.21,0.58,51.57
2025-05-01 16:00:00,30.74,58.38,0.6,39.71
2025-05-01 17:00:00,27.64,54.16,0.76,47.72
2025-05-01 18:00:00,35.58,69.46,0.67,50.94
2025-05-01 19:00:00,27.68,75.08,0.39,50.19
2025-05-01 20:00:00,34.19,60.7,0.66,48.47
2025-05-01 21:00:00,34.56,56.22,0.27,47.67
2025-05-01 22:00:00,31.15,41.86,0.67,42.22
2025-05-01 23:00:00,34.58,64.53,0.93,49.99
2025-05-02 00:00:00,25.22,61.01,0.66,42.27
2025-05-02 01:00:00,38.17,68.23,0.25,49.62
2025-05-02 02:00:00,26.77,42.51,0.53,35.93
2025-05-02 03:00:00,44.95,53.31,0.73,50.71
2025-05-02 04:00:00,29.9,57.68,0.79,47.9
2025-05-02 05:00:00,25.54,46.05,0.9,37.0
2025-05-02 06:00:00,32.37,59.04,0.78,46.29
2025-05-02 07:00:00,25.61,63.9,0.23,44.12
2025-05-02 08:00:00,39.69,54.03,0.65,47.54
2025-05-02 09:00:00,32.0,52.19,0.89,49.8
2025-05-02 10:00:00,23.44,70.26,0.78,49.2
2025-05-02 11:00:00,26.29,72.31,0.05,46.72
2025-05-02 12:00:00,38.45,54.51,0.47,47.34
2025-05-02 13:00:00,33.95,67.96,0.52,49.43
2025-05-02 14:00:00,31.36,55.93,0.83,52.14
2025-05-02 15:00:00,27.87,46.05,0.78,42.14
2025-05-02 16:00:00,23.15,49.55,0.37,35.33
2025-05-02 17:00:00,31.01,63.94,0.54,49.06
2025-05-02 18:00:00,35.04,39.01,0.23,40.9
2025-05-02 19:00:00,33.65,66.93,0.04,48.53
2025-05-02 20:00:00,33.06,69.44,0.43,44.77
2025-05-02 21:00:00,34.98,57.74,0.68,50.05
2025-05-02 22:00:00,34.45,58.52,0.53,41.95
2025-05-02 23:00:00,28.15,32.54,0.58,40.56
2025-05-03 00:00:00,37.36,34.03,0.16,41.05
2025-05-03 01:00:00,28.03,52.1,0.91,37.79
2025-05-03 02:00:00,39.69,71.02,0.72,55.76
2025-05-03 03:00:00,31.16,49.74,0.85,41.86
2025-05-03 04:00:00,38.17,66.72,0.85,58.31
2025-05-03 05:00:00,14.22,62.55,0.43,36.4
2025-05-03 06:00:00,30.85,55.64,0.81,40.04
2025-05-03 07:00:00,28.88,55.07,0.45,44.79
2025-05-03 08:00:00,29.57,78.91,0.52,52.78
2025-05-03 09:00:00,30.51,58.02,0.44,46.79
2025-05-03 10:00:00,27.38,72.72,0.14,48.32
2025-05-03 11:00:00,24.74,69.58,0.72,51.23
2025-05-03 12:00:00,41.32,59.61,0.19,45.18
2025-05-03 13:00:00,30.64,65.55,0.99,55.87
2025-05-03 14:00:00,34.46,64.45,0.99,46.49
2025-05-03 15:00:00,34.53,75.7,0.65,53.95
2025-05-03 16:00:00,34.57,69.54,0.37,48.51
2025-05-03 17:00:00,29.54,70.42,0.75,49.73
2025-05-03 18:00:00,33.7,57.48,0.2,42.36
2025-05-03 19:00:00,36.03,73.07,0.46,49.94
2025-05-03 20:00:00,32.21,59.49,0.99,51.36
2025-05-03 21:00:00,25.15,77.45,0.29,47.54
2025-05-03 22:00:00,25.13,77.52,0.3,51.49
2025-05-03 23:00:00,31.81,70.18,0.12,44.87
2025-05-04 00:00:00,20.71,62.36,0.86,42.63
2025-05-04 01:00:00,32.49,46.58,0.59,43.72
2025-05-04 02:00:00,22.86,55.72,0.66,38.56
2025-05-04 03:00:00,29.16,56.69,0.51,50.86
2025-05-04 04:00:00,27.22,59.01,0.56,40.13
2025-05-04 05:00:00,29.33,67.62,0.42,41.99
2025-05-04 06:00:00,26.48,74.45,0.86,53.28
2025-05-04 07:00:00,38.95,44.76,0.54,48.61
2025-05-04 08:00:00,31.89,47.2,0.72,42.51
2025-05-04 09:00:00,36.42,60.96,0.92,51.58
2025-05-04 10:00:00,27.83,59.3,0.67,49.04
2025-05-04 11:00:00,28.3,66.0,0.02,46.92
2025-05-04 12:00:00,21.33,63.01,0.96,43.1
2025-05-04 13:00:00,37.39,58.15,0.84,54.17
2025-05-04 14:00:00,33.49,58.83,0.14,49.21
2025-05-04 15:00:00,28.59,67.19,0.92,43.55
2025-05-04 16:00:00,34.72,57.83,0.5,49.1
2025-05-04 17:00:00,28.39,64.21,0.4,42.29
2025-05-04 18:00:00,31.55,73.77,0.54,52.99
2025-05-04 19:00:00,31.67,59.59,0.4,45.97
2025-05-04 20:00:00,32.28,62.01,0.73,44.27
2025-05-04 21:00:00,15.58,64.48,0.13,34.84
2025-05-04 22:00:00,29.12,50.77,0.3,39.75
2025-05-04 23:00:00,27.36,55.2,0.97,45.78
2025-05-05 00:00:00,24.39,67.63,0.18,41.46
2025-05-05 01:00:00,31.5,50.86,0.75,43.02
2025-05-05 02:00:00,30.48,55.85,0.73,43.36
2025-05-05 03:00:00,31.5,69.21,0.65,44.75
2025-05-05 04:00:00,39.77,56.3,0.86,49.4
2025-05-05 05:00:00,34.48,63.81,0.01,45.33
2025-05-05 06:00:00,41.1,37.85,0.04,43.22
2025-05-05 07:00:00,27.07,73.91,0.93,54.63
2025-05-05 08:00:00,24.18,72.84,0.52,44.67
2025-05-05 09:00:00,25.41,76.31,0.4,45.33
2025-05-05 10:00:00,23.06,57.97,0.57,44.17
2025-05-05 11:00:00,27.49,66.02,0.67,45.86
2025-05-05 12:00:00,26.75,54.22,0.56,43.18
2025-05-05 13:00:00,26.44,76.44,0.6,47.41
2025-05-05 14:00:00,29.5,58.86,0.81,45.49
2025-05-05 15:00:00,30.39,72.47,0.93,49.39
2025-05-05 16:00:00,35.08,56.35,0.44,48.72
2025-05-05 17:00:00,36.91,66.13,0.68,54.23
2025-05-05 18:00:00,31.46,64.11,0.14,41.54
2025-05-05 19:00:00,29.53,72.81,0.45,51.84
2025-05-05 20:00:00,25.05,75.89,0.9,49.83
2025-05-05 21:00:00,37.99,50.11,0.54,44.63
2025-05-05 22:00:00,25.18,50.11,0.76,44.43
2025-05-05 23:00:00,24.22,83.03,0.09,45.62
2025-05-06 00:00:00,20.27,75.59,0.05,43.91
2025-05-06 01:00:00,28.8,63.19,0.78,50.06
2025-05-06 02:00:00,24.47,53.79,0.24,38.68
2025-05-06 03:00:00,31.48,63.7,0.57,48.49
2025-05-06 04:00:00,37.5,66.89,0.5,46.7
2025-05-06 05:00:00,28.84,67.37,0.69,55.74
2025-05-06 06:00:00,31.38,46.27,0.52,50.87
2025-05-06 07:00:00,22.53,69.68,0.78,45.64
2025-05-06 08:00:00,35.88,69.84,0.46,48.28
2025-05-06 09:00:00,30.24,77.32,0.36,49.74
2025-05-06 10:00:00,38.57,73.21,0.5,57.37
2025-05-06 11:00:00,32.44,80.58,0.46,51.95
2025-05-06 12:00:00,27.81,70.97,0.05,46.45
2025-05-06 13:00:00,28.38,52.08,0.07,40.1
2025-05-06 14:00:00,25.74,71.92,0.6,43.57
2025-05-06 15:00:00,32.21,54.53,0.06,44.03
2025-05-06 16:00:00,23.66,51.07,0.7,40.32
2025-05-06 17:00:00,36.03,77.52,0.07,48.43
2025-05-06 18:00:00,31.62,39.48,0.56,42.6
2025-05-06 19:00:00,32.6,52.03,0.29,44.4
2025-05-06 20:00:00,32.56,58.42,0.67,48.28
2025-05-06 21:00:00,32.11,57.56,0.27,49.79
2025-05-06 22:00:00,24.56,52.76,0.21,40.23
2025-05-06 23:00:00,20.48,55.93,0.72,40.22
2025-05-07 00:00:00,30.57,49.94,0.57,43.21
2025-05-07 01:00:00,31.06,71.07,0.67,50.35
2025-05-07 02:00:00,26.11,74.11,0.79,46.46
2025-05-07 03:00:00,26.36,58.89,0.81,46.61
2025-05-07 04:00:00,31.32,74.49,0.02,48.72
2025-05-07 05:00:00,29.62,65.33,0.36,47.49
2025-05-07 06:00:00,41.89,74.88,0.48,55.03
2025-05-07 07:00:00,28.62,63.66,0.04,46.52
2025-05-07 08:00:00,27.69,60.23,0.39,45.33
2025-05-07 09:00:00,25.02,44.07,0.19,40.41
2025-05-07 10:00:00,26.3,58.95,0.51,39.32
2025-05-07 11:00:00,31.32,44.94,0.84,45.49
2025-05-07 12:00:00,31.13,55.36,0.79,47.34
2025-05-07 13:00:00,19.62,65.3,0.95,46.61
2025-05-07 14:00:00,37.99,59.5,0.82,48.84
2025-05-07 15:00:00,36.42,66.37,0.23,49.19
2025-05-07 16:00:00,34.68,53.35,0.2,44.71
2025-05-07 17:00:00,33.26,73.33,0.54,53.04
2025-05-07 18:00:00,28.56,57.07,0.08,40.47
2025-05-07 19:00:00,22.39,49.79,0.47,42.31
2025-05-07 20:00:00,22.63,73.21,0.43,40.86
2025-05-07 21:00:00,29.99,68.41,0.62,47.87
2025-05-07 22:00:00,31.75,62.91,0.53,50.5
2025-05-07 23:00:00,24.9,70.66,0.88,41.73
2025-05-08 00:00:00,29.84,70.05,0.36,48.29
2025-05-08 01:00:00,32.21,45.11,0.72,41.09
2025-05-08 02:00:00,29.48,88.04,0.48,52.68
2025-05-08 03:00:00,40.47,61.61,0.31,53.6
2025-05-08 04:00:00,19.02,62.13,0.72,42.0
2025-05-08 05:00:00,33.85,44.96,0.53,46.81
2025-05-08 06:00:00,27.53,52.47,0.01,38.39
2025-05-08 07:00:00,26.52,65.56,0.78,43.73
2025-05-08 08:00:00,24.9,57.59,0.39,43.52
2025-05-08 09:00:00,30.92,67.97,0.21,39.03
2025-05-08 10:00:00,32.62,61.76,0.19,46.35
2025-05-08 11:00:00,32.37,68.85,0.57,51.69
2025-05-08 12:00:00,27.49,72.09,0.46,44.75
2025-05-08 13:00:00,31.47,54.82,0.21,41.42
2025-05-08 14:00:00,27.57,42.64,0.71,40.96
2025-05-08 15:00:00,28.38,64.59,0.6,54.99
2025-05-08 16:00:00,18.01,57.76,0.66,40.59
2025-05-08 17:00:00,24.24,67.6,0.12,41.65
2025-05-08 18:00:00,28.41,64.17,0.97,49.85
2025-05-08 19:00:00,27.43,68.72,0.52,46.46
2025-05-08 20:00:00,23.93,65.49,0.51,41.28
2025-05-08 21:00:00,31.63,69.35,0.44,46.37
2025-05-08 22:00:00,29.98,49.4,0.67,42.54
2025-05-08 23:00:00,26.55,68.14,0.91,53.35
2025-05-09 00:00:00,29.59,62.85,0.53,45.32
2025-05-09 01:00:00,35.4,51.92,0.52,45.71
2025-05-09 02:00:00,30.2,58.18,0.61,46.78
2025-05-09 03:00:00,31.34,82.42,0.09,48.19
2025-05-09 04:00:00,18.12,63.11,0.1,39.55
2025-05-09 05:00:00,31.66,67.93,0.35,51.0
2025-05-09 06:00:00,32.98,53.48,0.88,47.99
2025-05-09 07:00:00,32.34,57.05,0.53,46.01
2025-05-09 08:00:00,30.03,60.14,0.38,45.15
2025-05-09 09:00:00,19.04,66.57,0.78,46.28
2025-05-09 10:00:00,30.08,41.5,0.21,41.03
2025-05-09 11:00:00,26.74,73.71,0.45,52.18
2025-05-09 12:00:00,25.23,57.64,0.79,49.25
2025-05-09 13:00:00,26.03,49.71,0.44,34.91
2025-05-09 14:00:00,26.41,55.97,0.29,41.32
2025-05-09 15:00:00,32.55,74.23,0.39,50.04
2025-05-09 16:00:00,30.48,64.3,0.72,45.69
2025-05-09 17:00:00,27.53,59.55,0.38,49.48
2025-05-09 18:00:00,29.48,57.62,0.32,44.5
2025-05-09 19:00:00,35.44,46.27,0.05,43.06
2025-05-09 20:00:00,32.53,49.48,0.18,48.1
2025-05-09 21:00:00,34.36,59.06,0.52,49.84
2025-05-09 22:00:00,32.07,70.15,0.45,47.06
2025-05-09 23:00:00,29.06,54.75,0.77,40.54
2025-05-10 00:00:00,26.39,71.37,0.5,43.19
2025-05-10 01:00:00,26.62,55.95,0.22,43.28
2025-05-10 02:00:00,26.54,54.42,0.22,42.76
2025-05-10 03:00:00,34.61,59.05,0.79,49.38
2025-05-10 04:00:00,21.4,58.45,0.36,38.46
2025-05-10 05:00:00,34.69,76.27,0.75,53.14
2025-05-10 06:00:00,30.65,53.58,0.69,47.99
2025-05-10 07:00:00,28.75,52.03,0.74,49.35
2025-05-10 08:00:00,29.84,51.73,0.26,36.05
2025-05-10 09:00:00,26.93,69.49,0.62,44.68
2025-05-10 10:00:00,30.48,37.7,0.24,36.38
2025-05-10 11:00:00,26.18,55.57,0.78,41.68
2025-05-10 12:00:00,34.36,47.48,0.72,45.44
2025-05-10 13:00:00,22.48,68.94,0.33,46.71
2025-05-10 14:00:00,32.47,69.23,0.49,51.84
2025-05-10 15:00:00,33.94,80.76,0.57,52.52
2025-05-10 16:00:00,31.18,64.56,0.26,40.81
2025-05-10 17:00:00,28.41,61.73,0.98,44.26
2025-05-10 18:00:00,28.61,48.35,0.4,38.7
2025-05-10 19:00:00,35.24,63.3,0.83,56.45
2025-05-10 20:00:00,27.94,41.79,0.35,37.41
2025-05-10 21:00:00,25.25,67.43,0.39,51.34
2025-05-10 22:00:00,40.08,62.15,0.8,52.41
2025-05-10 23:00:00,26.6,56.93,0.12,42.02
2025-05-11 00:00:00,25.78,55.07,0.19,40.24
2025-05-11 01:00:00,29.94,49.24,0.34,38.06
2025-05-11 02:00:00,28.02,53.69,0.75,44.89
2025-05-11 03:00:00,32.6,75.22,0.57,49.46
2025-05-11 04:00:00,31.1,64.89,0.59,47.11
2025-05-11 05:00:00,24.48,53.23,0.4,37.3
2025-05-11 06:00:00,39.53,74.63,0.12,49.28
2025-05-11 07:00:00,41.69,61.33,0.99,52.39
2025-05-11 08:00:00,29.58,50.68,0.78,45.85
2025-05-11 09:00:00,21.82,60.9,0.96,38.82
2025-05-11 10:00:00,24.88,46.75,0.7,36.9
2025-05-11 11:00:00,29.9,49.2,0.15,36.21
2025-05-11 12:00:00,28.57,53.88,0.04,44.63
2025-05-11 13:00:00,33.68,41.73,0.28,39.71
2025-05-11 14:00:00,35.51,59.92,0.54,47.08
2025-05-11 15:00:00,38.48,48.44,0.24,42.91
2025-05-11 16:00:00,23.02,50.22,0.03,39.08
2025-05-11 17:00:00,31.07,78.14,0.05,49.04
2025-05-11 18:00:00,35.1,76.91,0.13,51.21
2025-05-11 19:00:00,38.14,60.01,0.12,50.17
2025-05-11 20:00:00,30.17,54.26,0.18,38.62
2025-05-11 21:00:00,31.3,73.53,0.18,45.97
2025-05-11 22:00:00,25.51,63.72,0.35,46.7
2025-05-11 23:00:00,32.34,70.1,0.77,52.34
2025-05-12 00:00:00,36.14,59.85,0.56,49.51
2025-05-12 01:00:00,35.44,50.26,0.61,48.41
2025-05-12 02:00:00,31.8,65.43,0.43,55.6
2025-05-12 03:00:00,29.87,45.29,0.65,37.73
2025-05-12 04:00:00,23.73,45.01,0.21,41.87
2025-05-12 05:00:00,37.74,95.02,0.3,60.73
2025-05-12 06:00:00,29.78,52.24,0.2,35.75
2025-05-12 07:00:00,32.09,58.01,0.16,43.29
2025-05-12 08:00:00,38.31,71.36,0.55,54.91
2025-05-12 09:00:00,22.74,63.35,0.09,44.6
2025-05-12 10:00:00,31.13,67.71,0.58,45.5
2025-05-12 11:00:00,31.55,67.82,0.42,49.05
2025-05-12 12:00:00,27.42,56.29,0.18,39.02
2025-05-12 13:00:00,33.9,72.89,0.8,48.69
2025-05-12 14:00:00,41.31,66.32,0.12,50.98
2025-05-12 15:00:00,29.92,63.3,0.08,44.8
2025-05-12 16:00:00,28.21,58.74,0.97,49.43
2025-05-12 17:00:00,32.35,62.36,0.68,42.04
2025-05-12 18:00:00,34.36,61.41,0.93,46.64
2025-05-12 19:00:00,37.3,62.75,0.36,53.86
2025-05-12 20:00:00,24.99,56.49,0.87,44.11
2025-05-12 21:00:00,31.83,62.68,0.83,49.06
2025-05-12 22:00:00,36.56,88.68,0.47,54.35
2025-05-12 23:00:00,27.97,65.92,0.11,47.43
2025-05-13 00:00:00,38.85,73.64,0.34,56.9
2025-05-13 01:00:00,25.29,64.52,0.05,44.28
2025-05-13 02:00:00,36.74,33.12,0.02,37.74
2025-05-13 03:00:00,34.65,62.57,0.82,46.22
2025-05-13 04:00:00,30.74,58.12,0.09,47.51
2025-05-13 05:00:00,28.82,59.87,0.5,41.25
2025-05-13 06:00:00,27.02,66.54,0.59,42.19
2025-05-13 07:00:00,38.85,74.8,0.16,51.83
2025-05-13 08:00:00,29.81,57.46,0.25,39.55
2025-05-13 09:00:00,34.6,52.4,0.0,47.22
2025-05-13 10:00:00,24.33,65.54,0.71,48.33
2025-05-13 11:00:00,27.73,68.7,0.49,44.17
2025-05-13 12:00:00,25.83,60.37,0.2,43.69
2025-05-13 13:00:00,27.59,54.59,0.36,41.79
2025-05-13 14:00:00,24.24,43.86,0.15,40.71
2025-05-13 15:00:00,34.67,72.56,0.02,51.37
2025-05-13 16:00:00,34.06,75.82,0.35,50.95
2025-05-13 17:00:00,30.78,63.54,0.69,50.86
2025-05-13 18:00:00,25.15,56.57,0.62,42.94
2025-05-13 19:00:00,25.24,54.17,0.81,44.03
2025-05-13 20:00:00,29.47,77.25,0.23,45.03
2025-05-13 21:00:00,30.38,64.5,0.09,45.16
2025-05-13 22:00:00,30.52,61.18,0.73,47.39
2025-05-13 23:00:00,30.12,82.9,0.72,54.61
2025-05-14 00:00:00,34.41,62.12,0.52,51.49
2025-05-14 01:00:00,25.21,67.53,0.81,42.0
2025-05-14 02:00:00,35.73,50.24,0.24,47.73
2025-05-14 03:00:00,34.3,47.26,0.88,49.02
2025-05-14 04:00:00,28.43,43.71,0.13,41.49
2025-05-14 05:00:00,28.23,65.9,0.56,46.48
2025-05-14 06:00:00,32.14,63.88,0.62,47.4
2025-05-14 07:00:00,30.16,56.46,0.22,43.07
2025-05-14 08:00:00,30.78,62.46,0.96,51.95
2025-05-14 09:00:00,29.97,54.23,0.28,45.77
2025-05-14 10:00:00,33.14,69.94,0.34,50.11
2025-05-14 11:00:00,29.98,70.12,0.84,47.29
2025-05-14 12:00:00,23.07,42.48,0.58,33.82
2025-05-14 13:00:00,24.02,65.39,0.09,40.96
2025-05-14 14:00:00,29.11,75.44,0.6,49.47
2025-05-14 15:00:00,24.17,50.56,0.61,38.42
2025-05-14 16:00:00,27.02,58.44,0.7,48.32
2025-05-14 17:00:00,26.56,66.87,0.28,43.0
2025-05-14 18:00:00,41.25,67.32,0.15,42.96
2025-05-14 19:00:00,28.32,57.81,0.01,47.9
2025-05-14 20:00:00,29.25,69.39,0.82,49.41
2025-05-14 21:00:00,28.95,43.59,0.18,39.43
2025-05-14 22:00:00,31.39,58.38,0.04,39.13
2025-05-14 23:00:00,34.84,51.64,0.09,42.04
2025-05-15 00:00:00,36.28,78.79,0.04,47.92
2025-05-15 01:00:00,27.13,43.74,0.14,36.35
2025-05-15 02:00:00,25.1,65.08,0.23,39.48
2025-05-15 03:00:00,26.37,25.3,0.06,28.91
2025-05-15 04:00:00,31.14,61.64,0.45,46.37
2025-05-15 05:00:00,31.82,69.6,0.3,52.4
2025-05-15 06:00:00,25.69,64.54,0.08,43.35
2025-05-15 07:00:00,26.07,53.68,0.17,42.45
2025-05-15 08:00:00,32.08,47.1,0.2,39.38
2025-05-15 09:00:00,27.1,53.59,0.44,43.34
2025-05-15 10:00:00,36.02,71.36,0.94,53.72
2025-05-15 11:00:00,36.0,47.11,0.81,47.58
2025-05-15 12:00:00,35.42,66.91,0.26,51.04
2025-05-15 13:00:00,28.8,59.09,0.41,42.51
2025-05-15 14:00:00,27.29,65.62,0.8,48.59
2025-05-15 15:00:00,32.27,61.65,0.35,44.51
2025-05-15 16:00:00,30.54,71.34,0.42,52.24
2025-05-15 17:00:00,26.67,75.81,0.15,49.69
2025-05-15 18:00:00,24.17,63.4,0.34,45.93
2025-05-15 19:00:00,24.29,64.17,0.98,41.23
2025-05-15 20:00:00,25.77,68.32,0.3,43.46
2025-05-15 21:00:00,18.38,71.77,0.53,44.36
2025-05-15 22:00:00,32.3,62.42,0.13,41.48
2025-05-15 23:00:00,19.01,40.51,0.51,34.69
2025-05-16 00:00:00,23.72,56.36,0.43,45.39
2025-05-16 01:00:00,26.86,63.98,0.85,45.82
2025-05-16 02:00:00,28.62,75.91,0.66,52.39
2025-05-16 03:00:00,25.72,50.17,0.31,43.92
2025-05-16 04:00:00,29.56,74.18,0.31,48.67
2025-05-16 05:00:00,27.73,61.78,0.3,47.43
2025-05-16 06:00:00,29.09,58.2,0.47,42.27
2025-05-16 07:00:00,32.02,63.66,0.55,47.94
2025-05-16 08:00:00,37.34,73.49,0.29,54.91
2025-05-16 09:00:00,36.78,59.12,0.11,47.89
2025-05-16 10:00:00,37.56,49.05,0.24,38.24
2025-05-16 11:00:00,34.48,60.76,0.94,50.62
2025-05-16 12:00:00,31.57,72.67,0.13,49.19
2025-05-16 13:00:00,29.58,81.03,0.86,55.16
2025-05-16 14:00:00,33.02,72.84,0.01,48.93
2025-05-16 15:00:00,32.18,59.65,0.72,44.5
2025-05-16 16:00:00,29.94,47.65,0.65,43.54
2025-05-16 17:00:00,29.97,66.12,0.88,57.01
2025-05-16 18:00:00,30.28,68.17,0.43,43.47
2025-05-16 19:00:00,19.65,53.92,0.59,36.65
2025-05-16 20:00:00,21.53,62.72,0.7,40.08
2025-05-16 21:00:00,32.16,46.24,0.52,41.83
2025-05-16 22:00:00,28.51,71.63,0.66,50.02
2025-05-16 23:00:00,34.02,57.21,0.27,47.77
2025-05-17 00:00:00,27.36,64.56,0.6,42.36
2025-05-17 01:00:00,21.32,62.84,0.66,40.31
2025-05-17 02:00:00,29.59,52.07,0.43,47.71
2025-05-17 03:00:00,35.19,58.33,0.46,48.22
2025-05-17 04:00:00,32.82,47.37,0.94,43.67
2025-05-17 05:00:00,32.1,47.32,0.93,51.36
2025-05-17 06:00:00,33.24,62.69,0.12,49.08
2025-05-17 07:00:00,28.07,47.31,0.8,42.38
2025-05-17 08:00:00,34.1,41.74,0.35,37.27
2025-05-17 09:00:00,35.05,46.75,0.3,43.24
2025-05-17 10:00:00,33.46,60.49,0.69,52.47
2025-05-17 11:00:00,37.52,74.72,0.12,48.87
2025-05-17 12:00:00,27.5,67.31,0.13,43.66
2025-05-17 13:00:00,25.21,60.93,0.52,42.29
2025-05-17 14:00:00,36.13,84.59,0.25,58.23
2025-05-17 15:00:00,39.55,67.49,0.47,52.22
2025-05-17 16:00:00,34.82,60.13,0.95,51.46
2025-05-17 17:00:00,28.14,84.82,0.93,55.72
2025-05-17 18:00:00,28.33,43.18,0.93,42.32
2025-05-17 19:00:00,33.42,46.45,0.65,42.27
2025-05-17 20:00:00,25.2,66.39,0.57,42.94
2025-05-17 21:00:00,24.23,51.15,0.19,39.05
2025-05-17 22:00:00,38.92,74.03,0.77,55.23
2025-05-17 23:00:00,24.41,42.16,0.53,34.79
2025-05-18 00:00:00,26.81,64.96,0.41,45.12
2025-05-18 01:00:00,24.81,59.08,0.3,40.43
2025-05-18 02:00:00,25.82,64.62,0.98,45.94
2025-05-18 03:00:00,20.41,77.77,0.6,43.99
2025-05-18 04:00:00,34.7,48.51,0.38,48.19
2025-05-18 05:00:00,27.43,54.84,0.57,43.8
2025-05-18 06:00:00,31.03,42.71,0.01,35.27
2025-05-18 07:00:00,38.47,70.08,0.86,52.96
2025-05-18 08:00:00,33.55,51.99,0.57,50.78
2025-05-18 09:00:00,28.11,68.2,0.97,53.73
2025-05-18 10:00:00,35.62,71.25,0.66,57.13
2025-05-18 11:00:00,31.45,76.53,0.55,53.61
2025-05-18 12:00:00,30.39,75.43,0.13,49.05
2025-05-18 13:00:00,33.36,53.61,0.48,41.61
2025-05-18 14:00:00,23.96,64.69,0.94,46.82
2025-05-18 15:00:00,23.58,61.69,0.38,41.85
2025-05-18 16:00:00,29.45,72.71,0.23,49.99
2025-05-18 17:00:00,30.08,77.47,0.71,48.67
2025-05-18 18:00:00,34.41,64.27,0.04,49.9
2025-05-18 19:00:00,33.3,65.7,0.65,45.09
2025-05-18 20:00:00,39.47,54.18,0.41,48.23
2025-05-18 21:00:00,35.1,57.13,0.08,38.59
2025-05-18 22:00:00,27.42,54.33,0.23,38.69
2025-05-18 23:00:00,25.69,67.64,0.27,42.98
2025-05-19 00:00:00,32.6,72.99,0.84,52.38
2025-05-19 01:00:00,24.02,58.27,0.08,43.37
2025-05-19 02:00:00,34.3,68.54,0.22,45.79
2025-05-19 03:00:00,45.21,34.32,0.48,49.34
2025-05-19 04:00:00,24.39,55.1,0.36,43.56
2025-05-19 05:00:00,27.08,53.68,0.94,48.61
2025-05-19 06:00:00,32.09,79.76,0.82,55.05
2025-05-19 07:00:00,31.34,68.43,0.87,41.88
2025-05-19 08:00:00,34.37,59.6,0.07,42.52
2025-05-19 09:00:00,41.32,60.69,0.94,53.24
2025-05-19 10:00:00,17.84,69.22,0.17,40.57
2025-05-19 11:00:00,37.23,41.09,0.51,44.97
2025-05-19 12:00:00,30.81,41.22,0.61,43.06
2025-05-19 13:00:00,26.93,47.72,0.12,37.49
2025-05-19 14:00:00,28.22,51.63,0.65,43.59
2025-05-19 15:00:00,24.3,79.79,0.26,48.76
2025-05-19 16:00:00,30.93,73.51,0.71,47.87
2025-05-19 17:00:00,30.42,40.7,0.1,40.44
2025-05-19 18:00:00,38.74,78.57,0.84,53.51
2025-05-19 19:00:00,29.06,63.96,0.84,48.04
2025-05-19 20:00:00,38.0,84.0,0.02,56.91
2025-05-19 21:00:00,28.34,73.46,0.58,46.83
2025-05-19 22:00:00,29.25,66.86,0.77,50.12
2025-05-19 23:00:00,36.7,62.7,0.25,50.59
2025-05-20 00:00:00,29.8,72.56,0.87,58.36
2025-05-20 01:00:00,37.37,54.58,0.47,50.86
2025-05-20 02:00:00,24.92,62.81,0.41,41.92
2025-05-20 03:00:00,35.44,74.38,0.03,49.15
2025-05-20 04:00:00,30.12,73.59,0.47,44.79
2025-05-20 05:00:00,30.47,53.34,0.97,48.68
2025-05-20 06:00:00,40.32,56.12,0.57,48.49
2025-05-20 07:00:00,26.81,60.17,0.36,45.87
2025-05-20 08:00:00,25.52,64.02,0.03,41.2
2025-05-20 09:00:00,29.18,69.16,0.87,51.0
2025-05-20 10:00:00,37.06,45.3,0.05,42.44
2025-05-20 11:00:00,30.93,61.75,0.24,44.22
2025-05-20 12:00:00,38.06,42.54,0.06,45.84
2025-05-20 13:00:00,29.4,72.76,0.74,50.31
2025-05-20 14:00:00,28.42,67.7,0.48,48.1
2025-05-20 15:00:00,31.38,50.83,0.28,43.53
2025-05-20 16:00:00,26.36,69.65,0.07,44.54
2025-05-20 17:00:00,38.8,70.72,0.31,53.94
2025-05-20 18:00:00,28.89,60.76,0.62,40.35
2025-05-20 19:00:00,20.31,55.18,0.34,38.39
2025-05-20 20:00:00,27.2,70.11,0.73,49.07
2025-05-20 21:00:00,26.45,55.54,0.24,39.43
2025-05-20 22:00:00,36.27,64.9,0.55,54.39
2025-05-20 23:00:00,26.83,67.1,0.14,46.26
2025-05-21 00:00:00,18.58,48.95,0.13,32.18
2025-05-21 01:00:00,42.72,58.84,0.43,52.17
2025-05-21 02:00:00,29.91,47.12,0.35,40.57
2025-05-21 03:00:00,32.97,47.1,0.99,49.31
2025-05-21 04:00:00,26.13,41.0,0.69,37.81
2025-05-21 05:00:00,30.86,57.38,0.54,45.61
2025-05-21 06:00:00,31.47,38.02,0.56,41.03
2025-05-21 07:00:00,33.39,64.68,0.4,48.44
2025-05-21 08:00:00,27.71,55.13,0.13,44.94
2025-05-21 09:00:00,28.62,72.86,0.7,49.56
2025-05-21 10:00:00,38.56,44.64,0.02,44.68
2025-05-21 11:00:00,23.23,57.33,0.02,36.13
2025-05-21 12:00:00,31.12,49.08,0.05,43.97
2025-05-21 13:00:00,28.74,52.07,0.21,41.16
2025-05-21 14:00:00,28.85,50.0,0.59,39.4
2025-05-21 15:00:00,18.9,63.61,0.84,42.69
2025-05-21 16:00:00,37.68,55.87,0.16,46.38
2025-05-21 17:00:00,24.76,63.42,0.84,42.32
2025-05-21 18:00:00,23.91,49.19,0.93,41.35
2025-05-21 19:00:00,33.55,71.95,0.1,51.28
2025-05-21 20:00:00,34.9,73.7,0.65,52.9
2025-05-21 21:00:00,22.98,51.24,0.47,42.5
2025-05-21 22:00:00,26.61,40.29,0.36,41.08
2025-05-21 23:00:00,39.13,60.48,0.28,46.64
2025-05-22 00:00:00,25.94,55.52,0.15,41.7
2025-05-22 01:00:00,33.79,60.17,0.52,48.15
2025-05-22 02:00:00,26.58,65.58,0.96,44.21
2025-05-22 03:00:00,37.56,62.06,0.77,53.06
2025-05-22 04:00:00,34.05,53.76,0.15,46.65
2025-05-22 05:00:00,36.83,75.66,0.63,51.44
2025-05-22 06:00:00,36.64,38.28,0.63,42.08
2025-05-22 07:00:00,34.75,83.17,0.02,50.41
2025-05-22 08:00:00,29.72,74.62,0.91,46.41
2025-05-22 09:00:00,31.66,45.79,0.4,39.4
2025-05-22 10:00:00,26.2,74.16,0.26,52.48
2025-05-22 11:00:00,22.69,79.67,0.33,47.61
2025-05-22 12:00:00,21.21,75.35,0.55,45.38
2025-05-22 13:00:00,28.88,47.79,0.23,36.29
2025-05-22 14:00:00,24.49,62.38,0.05,42.06
2025-05-22 15:00:00,30.56,59.6,0.54,44.1
2025-05-22 16:00:00,26.54,66.04,0.81,44.83
2025-05-22 17:00:00,35.81,54.76,0.09,45.38
2025-05-22 18:00:00,23.94,40.05,0.13,35.61
2025-05-22 19:00:00,28.95,72.71,0.35,46.99
2025-05-22 20:00:00,37.63,57.34,0.92,47.49
2025-05-22 21:00:00,34.8,78.09,0.38,52.05
2025-05-22 22:00:00,33.81,59.8,0.35,45.82
2025-05-22 23:00:00,25.47,67.73,0.53,45.52
2025-05-23 00:00:00,34.16,60.02,0.58,41.52
2025-05-23 01:00:00,27.01,47.77,0.56,42.51
2025-05-23 02:00:00,28.05,70.98,0.22,46.5
2025-05-23 03:00:00,33.26,51.52,0.34,39.52
2025-05-23 04:00:00,32.32,49.31,0.72,46.06
2025-05-23 05:00:00,25.84,47.29,0.2,40.51
2025-05-23 06:00:00,29.84,65.11,0.58,49.76
2025-05-23 07:00:00,28.39,46.01,0.93,40.58
2025-05-23 08:00:00,25.21,60.92,0.33,42.76
2025-05-23 09:00:00,29.03,33.92,0.72,40.69
2025-05-23 10:00:00,32.48,52.71,0.17,44.76
2025-05-23 11:00:00,25.28,64.05,0.55,42.25
2025-05-23 12:00:00,36.42,63.39,0.34,48.61
2025-05-23 13:00:00,23.1,63.7,0.92,47.02
2025-05-23 14:00:00,27.91,77.7,0.09,46.63
2025-05-23 15:00:00,32.47,76.14,0.75,50.53
2025-05-23 16:00:00,27.7,63.42,0.65,45.35
2025-05-23 17:00:00,26.04,53.92,0.45,46.08
2025-05-23 18:00:00,29.5,50.27,0.11,39.41
2025-05-23 19:00:00,35.3,75.31,0.45,47.24
2025-05-23 20:00:00,33.88,69.12,0.68,47.82
2025-05-23 21:00:00,31.16,41.46,0.16,37.94
2025-05-23 22:00:00,25.64,55.99,0.84,46.2
2025-05-23 23:00:00,29.36,69.82,0.91,47.53
2025-05-24 00:00:00,28.54,52.07,0.96,44.01
2025-05-24 01:00:00,28.33,72.37,0.96,49.62
2025-05-24 02:00:00,21.2,48.41,0.13,34.02
2025-05-24 03:00:00,28.96,62.82,0.01,42.75
2025-05-24 04:00:00,24.57,74.57,0.59,51.91
2025-05-24 05:00:00,32.62,49.51,0.73,43.57
2025-05-24 06:00:00,27.81,77.84,0.91,56.24
2025-05-24 07:00:00,37.1,60.27,0.8,55.24
2025-05-24 08:00:00,29.83,67.49,0.58,47.24
2025-05-24 09:00:00,36.92,51.25,0.93,46.65
2025-05-24 10:00:00,32.06,70.14,0.69,51.48
2025-05-24 11:00:00,32.19,79.95,0.25,61.7
2025-05-24 12:00:00,36.94,56.02,0.72,47.76
2025-05-24 13:00:00,30.03,61.78,0.98,52.7
2025-05-24 14:00:00,32.68,56.03,0.76,46.07
2025-05-24 15:00:00,20.65,43.94,0.62,34.16
2025-05-24 16:00:00,41.57,42.11,0.74,52.9
2025-05-24 17:00:00,29.55,78.3,0.51,51.13
2025-05-24 18:00:00,28.59,62.94,0.94,47.18
2025-05-24 19:00:00,33.75,54.56,0.82,47.43
2025-05-24 20:00:00,30.57,71.61,0.47,49.83
2025-05-24 21:00:00,34.63,62.24,0.81,48.78
2025-05-24 22:00:00,39.98,73.55,0.9,56.21
2025-05-24 23:00:00,30.02,45.58,0.54,39.48
2025-05-25 00:00:00,24.76,78.32,0.43,50.55
2025-05-25 01:00:00,29.86,61.47,0.53,41.84
2025-05-25 02:00:00,30.06,58.83,0.86,46.52
2025-05-25 03:00:00,27.63,53.8,0.27,41.76
2025-05-25 04:00:00,23.02,63.25,0.42,38.87
2025-05-25 05:00:00,27.25,70.59,0.18,46.56
2025-05-25 06:00:00,32.41,49.89,0.65,47.1
2025-05-25 07:00:00,39.28,65.8,0.84,51.5
2025-05-25 08:00:00,32.19,69.38,0.85,50.92
2025-05-25 09:00:00,39.21,60.51,0.96,49.6
2025-05-25 10:00:00,24.23,66.39,0.01,42.65
2025-05-25 11:00:00,25.92,64.56,0.12,44.9
2025-05-25 12:00:00,28.46,58.93,0.83,47.78
2025-05-25 13:00:00,31.08,71.29,0.3,46.57
2025-05-25 14:00:00,37.12,29.15,0.53,38.17
2025-05-25 15:00:00,28.22,71.7,0.35,47.43
2025-05-25 16:00:00,28.77,68.06,0.51,48.36
2025-05-25 17:00:00,21.82,53.4,0.26,39.47
2025-05-25 18:00:00,33.17,50.75,0.66,42.69
2025-05-25 19:00:00,24.18,72.95,0.92,46.77
2025-05-25 20:00:00,33.04,61.2,0.14,42.56
2025-05-25 21:00:00,22.59,46.54,0.48,38.89
2025-05-25 22:00:00,28.11,44.42,0.05,34.93
2025-05-25 23:00:00,26.34,48.71,0.88,41.61
2025-05-26 00:00:00,25.07,59.22,0.75,41.5
2025-05-26 01:00:00,37.67,62.85,0.46,49.77
2025-05-26 02:00:00,23.25,64.03,0.44,45.5
2025-05-26 03:00:00,28.11,50.53,0.06,39.78
2025-05-26 04:00:00,22.98,71.04,0.45,44.83
2025-05-26 05:00:00,34.87,51.8,0.73,47.53
2025-05-26 06:00:00,28.47,45.07,0.92,44.96
2025-05-26 07:00:00,32.68,53.44,0.51,45.66
2025-05-26 08:00:00,29.51,44.5,0.97,41.59
2025-05-26 09:00:00,40.48,50.2,0.46,49.01
2025-05-26 10:00:00,32.14,53.17,0.24,43.72
2025-05-26 11:00:00,34.56,53.41,0.92,46.87
2025-05-26 12:00:00,33.04,60.76,0.74,46.29
2025-05-26 13:00:00,27.04,48.31,0.75,36.77
2025-05-26 14:00:00,28.33,58.79,0.68,50.92
2025-05-26 15:00:00,27.28,78.38,0.36,44.2
2025-05-26 16:00:00,34.67,59.19,0.2,50.5
2025-05-26 17:00:00,21.65,57.19,0.61,39.17
2025-05-26 18:00:00,34.68,70.61,0.86,58.48
2025-05-26 19:00:00,26.32,58.6,0.18,43.02
2025-05-26 20:00:00,37.69,51.92,0.36,45.88
2025-05-26 21:00:00,24.48,49.43,0.69,35.19
2025-05-26 22:00:00,29.59,31.56,0.92,39.23
2025-05-26 23:00:00,35.63,65.26,0.15,50.15
2025-05-27 00:00:00,23.89,66.39,0.91,44.38
2025-05-27 01:00:00,32.6,52.33,0.59,44.87
2025-05-27 02:00:00,39.33,58.01,0.32,54.56
2025-05-27 03:00:00,28.77,56.99,0.28,47.26
2025-05-27 04:00:00,27.58,52.71,0.73,42.45
2025-05-27 05:00:00,33.87,67.56,0.22,49.49
2025-05-27 06:00:00,36.34,62.51,0.54,48.32
2025-05-27 07:00:00,35.83,80.16,0.15,57.37
2025-05-27 08:00:00,29.02,70.84,0.95,52.23
2025-05-27 09:00:00,36.89,70.72,0.88,55.28
2025-05-27 10:00:00,31.11,83.95,0.48,54.19
2025-05-27 11:00:00,28.41,45.04,0.65,44.8
2025-05-27 12:00:00,31.07,66.66,0.07,43.3
2025-05-27 13:00:00,34.2,70.92,0.77,55.2
2025-05-27 14:00:00,26.96,49.77,0.93,44.83
2025-05-27 15:00:00,33.09,60.25,0.06,48.16
2025-05-27 16:00:00,35.02,74.32,0.08,51.55
2025-05-27 17:00:00,26.45,58.66,0.89,47.14
2025-05-27 18:00:00,22.1,68.47,0.16,43.76
2025-05-27 19:00:00,25.28,55.75,0.05,38.3
2025-05-27 20:00:00,30.75,55.49,0.72,44.71
2025-05-27 21:00:00,34.81,92.88,0.76,61.33
2025-05-27 22:00:00,26.58,46.92,0.75,43.56
2025-05-27 23:00:00,26.95,52.44,0.32,44.23
2025-05-28 00:00:00,18.65,57.53,0.28,41.4
2025-05-28 01:00:00,25.84,44.95,0.71,38.23
2025-05-28 02:00:00,25.92,48.06,0.6,41.58
2025-05-28 03:00:00,38.13,40.39,0.24,43.19
2025-05-28 04:00:00,28.34,72.76,0.08,46.67
2025-05-28 05:00:00,36.04,66.63,0.24,44.68
2025-05-28 06:00:00,37.79,66.7,0.17,46.69
2025-05-28 07:00:00,33.34,60.2,0.22,47.21
2025-05-28 08:00:00,27.88,45.59,0.5,37.55
2025-05-28 09:00:00,28.91,71.52,0.97,52.44
2025-05-28 10:00:00,30.74,59.69,0.51,45.59
2025-05-28 11:00:00,23.75,65.44,0.59,38.86
2025-05-28 12:00:00,33.3,63.65,0.32,42.96
2025-05-28 13:00:00,26.08,67.96,0.85,49.22
2025-05-28 14:00:00,31.46,63.88,0.85,49.33
2025-05-28 15:00:00,34.46,89.44,0.68,56.43
2025-05-28 16:00:00,29.23,66.39,0.52,51.03
2025-05-28 17:00:00,25.15,60.46,0.25,39.25
2025-05-28 18:00:00,34.25,71.92,0.72,56.36
2025-05-28 19:00:00,29.03,47.16,0.67,35.16
2025-05-28 20:00:00,24.78,56.77,0.83,46.82
2025-05-28 21:00:00,26.63,53.09,0.91,45.91
2025-05-28 22:00:00,21.11,47.77,0.69,42.47
2025-05-28 23:00:00,30.18,58.71,0.13,39.08
2025-05-29 00:00:00,29.06,51.35,0.5,48.35
2025-05-29 01:00:00,29.36,71.52,0.96,46.93
2025-05-29 02:00:00,18.6,67.02,0.8,44.76
2025-05-29 03:00:00,27.0,47.7,0.45,40.8
2025-05-29 04:00:00,24.17,51.0,0.56,44.81
2025-05-29 05:00:00,33.19,62.19,0.77,44.29
2025-05-29 06:00:00,26.54,53.24,0.04,40.62
2025-05-29 07:00:00,29.05,58.85,0.06,43.7
2025-05-29 08:00:00,19.14,42.26,0.93,36.48
2025-05-29 09:00:00,24.4,49.81,0.05,37.13
2025-05-29 10:00:00,41.09,38.49,0.77,47.43
2025-05-29 11:00:00,17.49,50.94,0.53,35.96
2025-05-29 12:00:00,42.12,55.31,0.91,48.41
2025-05-29 13:00:00,32.15,67.37,0.46,52.75
2025-05-29 14:00:00,28.81,60.5,0.35,38.96
2025-05-29 15:00:00,34.7,59.99,0.96,54.36
2025-05-29 16:00:00,28.1,63.01,0.99,50.49
2025-05-29 17:00:00,26.91,60.88,0.17,36.81
2025-05-29 18:00:00,35.98,42.09,0.36,44.79
2025-05-29 19:00:00,31.63,52.36,0.47,41.23
2025-05-29 20:00:00,32.87,67.95,0.91,52.42
2025-05-29 21:00:00,32.05,52.49,0.01,42.09
2025-05-29 22:00:00,37.2,77.13,0.1,57.27
2025-05-29 23:00:00,25.17,42.18,0.46,40.13
2025-05-30 00:00:00,28.92,45.63,0.08,40.1
2025-05-30 01:00:00,20.33,54.6,0.96,40.4
2025-05-30 02:00:00,21.65,58.62,0.1,37.66
2025-05-30 03:00:00,36.21,51.84,0.43,41.87
2025-05-30 04:00:00,29.11,69.13,0.52,44.57
2025-05-30 05:00:00,19.92,69.78,0.04,43.12
2025-05-30 06:00:00,17.97,48.86,0.57,34.57
2025-05-30 07:00:00,22.71,61.52,0.58,41.61
2025-05-30 08:00:00,26.82,48.5,0.85,37.7
2025-05-30 09:00:00,29.41,57.44,0.72,41.88
2025-05-30 10:00:00,37.38,55.56,0.43,46.83
2025-05-30 11:00:00,28.32,59.55,0.8,51.01
2025-05-30 12:00:00,42.55,70.62,0.67,56.91
2025-05-30 13:00:00,33.97,49.21,0.73,48.39
2025-05-30 14:00:00,31.66,56.02,0.22,49.99
2025-05-30 15:00:00,25.85,56.18,0.34,47.49
2025-05-30 16:00:00,31.4,48.52,0.26,44.64
2025-05-30 17:00:00,29.07,47.1,0.32,37.72
2025-05-30 18:00:00,30.58,67.78,0.67,39.99
2025-05-30 19:00:00,25.72,68.48,0.7,45.17
2025-05-30 20:00:00,31.77,62.89,0.66,44.91
2025-05-30 21:00:00,33.27,50.65,0.25,40.04
2025-05-30 22:00:00,32.88,46.45,0.06,34.5
2025-05-30 23:00:00,44.14,52.46,0.68,53.78
2025-05-31 00:00:00,30.97,62.43,0.59,45.48
2025-05-31 01:00:00,32.03,64.22,0.7,50.13
2025-05-31 02:00:00,34.54,64.08,0.44,48.62
2025-05-31 03:00:00,28.57,58.93,0.87,49.29
2025-05-31 04:00:00,28.94,54.93,0.66,45.23
2025-05-31 05:00:00,39.08,73.64,0.64,59.85
2025-05-31 06:00:00,27.76,60.06,0.13,43.72
2025-05-31 07:00:00,20.76,58.3,0.05,40.72
2025-05-31 08:00:00,31.08,69.68,0.59,50.92
2025-05-31 09:00:00,34.36,59.9,0.71,54.18
2025-05-31 10:00:00,37.22,59.86,0.98,50.54
2025-05-31 11:00:00,25.06,80.33,0.25,47.67
2025-05-31 12:00:00,34.57,58.72,0.97,51.34
2025-05-31 13:00:00,33.0,48.92,0.12,36.6
2025-05-31 14:00:00,24.15,58.04,0.23,39.83
2025-05-31 15:00:00,25.78,51.72,0.89,42.07
2025-05-31 16:00:00,30.49,89.29,0.07,52.25
2025-05-31 17:00:00,23.23,66.28,0.81,44.19
2025-05-31 18:00:00,29.3,38.64,0.82,36.82
2025-05-31 19:00:00,27.26,66.04,0.26,37.58
2025-05-31 20:00:00,27.06,70.67,0.6,47.68
2025-05-31 21:00:00,35.57,63.07,0.72,52.83
2025-05-31 22:00:00,39.94,68.84,0.41,48.87
2025-05-31 23:00:00,34.2,60.34,0.73,51.66
2025-06-01 00:00:00,23.17,53.93,0.61,43.82
2025-06-01 01:00:00,34.67,61.86,0.28,49.21
2025-06-01 02:00:00,26.68,61.09,0.63,47.58
2025-06-01 03:00:00,27.27,69.36,0.39,47.18
2025-06-01 04:00:00,32.4,67.86,0.79,46.81
2025-06-01 05:00:00,21.54,80.29,0.16,45.63
2025-06-01 06:00:00,36.34,47.3,0.38,42.61
2025-06-01 07:00:00,33.76,47.52,0.33,41.71
2025-06-01 08:00:00,23.99,56.38,0.51,45.71
2025-06-01 09:00:00,29.94,63.56,0.67,48.89
2025-06-01 10:00:00,41.83,59.43,0.36,54.46
2025-06-01 11:00:00,28.6,66.34,0.08,47.28
2025-06-01 12:00:00,34.6,48.52,0.65,46.01
2025-06-01 13:00:00,30.31,60.21,0.47,43.46
2025-06-01 14:00:00,28.43,54.45,0.19,45.54
2025-06-01 15:00:00,26.53,66.98,0.85,46.06
2025-06-01 16:00:00,22.92,56.14,0.39,34.55
2025-06-01 17:00:00,23.56,54.7,0.7,38.1
2025-06-01 18:00:00,19.27,62.62,0.39,42.92
2025-06-01 19:00:00,26.99,60.64,0.45,44.71
2025-06-01 20:00:00,31.64,71.35,0.37,52.71
2025-06-01 21:00:00,25.62,69.91,0.02,47.23
2025-06-01 22:00:00,25.34,44.34,0.95,41.37
2025-06-01 23:00:00,23.02,55.33,0.36,41.21
2025-06-02 00:00:00,32.98,76.53,0.64,50.13
2025-06-02 01:00:00,29.3,54.18,0.77,43.93
2025-06-02 02:00:00,33.26,63.38,0.39,45.9
2025-06-02 03:00:00,34.98,61.26,0.72,48.28
2025-06-02 04:00:00,33.58,51.61,0.82,46.63
2025-06-02 05:00:00,27.66,81.68,0.65,48.54
2025-06-02 06:00:00,27.58,57.94,0.31,39.6
2025-06-02 07:00:00,27.25,62.34,0.76,47.19
2025-06-02 08:00:00,32.25,37.7,0.38,41.55
2025-06-02 09:00:00,30.51,67.77,0.99,49.71
2025-06-02 10:00:00,30.32,47.37,0.48,39.89
2025-06-02 11:00:00,30.42,55.11,0.08,39.64
2025-06-02 12:00:00,30.08,62.79,0.01,50.94
2025-06-02 13:00:00,31.74,64.78,0.56,46.57
2025-06-02 14:00:00,24.55,42.25,0.64,31.47
2025-06-02 15:00:00,28.17,65.55,0.93,49.04
2025-06-02 16:00:00,24.94,41.4,0.39,43.54
2025-06-02 17:00:00,29.65,56.38,0.62,49.31
2025-06-02 18:00:00,30.19,56.25,0.2,44.53
2025-06-02 19:00:00,27.3,42.51,0.45,41.94
2025-06-02 20:00:00,31.51,69.23,0.42,49.99
2025-06-02 21:00:00,25.58,60.28,0.64,45.03
2025-06-02 22:00:00,29.47,70.44,0.32,50.2
2025-06-02 23:00:00,25.09,69.76,0.97,47.21
2025-06-03 00:00:00,29.79,60.83,0.73,44.56
2025-06-03 01:00:00,32.95,60.4,0.44,46.87
2025-06-03 02:00:00,26.48,62.99,0.1,45.63
2025-06-03 03:00:00,26.12,60.1,0.52,42.61
2025-06-03 04:00:00,24.1,67.28,0.61,45.74
2025-06-03 05:00:00,26.72,70.35,0.82,49.2
2025-06-03 06:00:00,39.48,50.44,0.76,48.03
2025-06-03 07:00:00,21.36,48.36,0.58,36.34
2025-06-03 08:00:00,18.48,67.28,0.82,38.4
2025-06-03 09:00:00,17.7,66.22,0.77,45.89
2025-06-03 10:00:00,37.21,66.36,0.01,45.8
2025-06-03 11:00:00,24.88,54.82,0.93,43.22
2025-06-03 12:00:00,29.59,55.79,0.71,43.68
2025-06-03 13:00:00,40.1,61.5,0.08,53.01
2025-06-03 14:00:00,38.73,61.94,0.63,46.11
2025-06-03 15:00:00,27.48,68.61,0.1,43.46
2025-06-03 16:00:00,30.53,49.46,0.16,42.32
2025-06-03 17:00:00,25.11,71.86,0.53,49.5
2025-06-03 18:00:00,33.27,60.22,0.15,45.59
2025-06-03 19:00:00,22.91,67.25,0.98,49.34
2025-06-03 20:00:00,27.31,50.9,0.69,41.09
2025-06-03 21:00:00,30.17,52.54,0.5,46.89
2025-06-03 22:00:00,23.75,51.72,0.15,34.21
2025-06-03 23:00:00,33.27,57.45,0.74,45.5
2025-06-04 00:00:00,34.76,60.57,0.01,40.18
2025-06-04 01:00:00,28.61,67.23,0.17,43.07
2025-06-04 02:00:00,31.5,71.04,0.72,46.35
2025-06-04 03:00:00,29.86,63.01,0.87,49.66
2025-06-04 04:00:00,20.21,51.7,0.79,43.8
2025-06-04 05:00:00,31.01,54.53,0.96,48.13
2025-06-04 06:00:00,27.82,46.16,0.01,39.37
2025-06-04 07:00:00,31.84,57.11,0.4,47.63
2025-06-04 08:00:00,22.24,72.64,0.1,44.57
2025-06-04 09:00:00,29.18,66.97,0.18,48.42
2025-06-04 10:00:00,36.29,67.14,0.26,47.72
2025-06-04 11:00:00,27.56,72.68,0.78,51.28
2025-06-04 12:00:00,27.75,67.7,0.16,47.12
2025-06-04 13:00:00,30.72,62.11,0.71,48.48
2025-06-04 14:00:00,32.03,54.12,0.19,42.36
2025-06-04 15:00:00,26.41,52.55,0.25,38.87
2025-06-04 16:00:00,23.8,59.44,0.04,37.75
2025-06-04 17:00:00,41.71,62.36,0.09,48.96
2025-06-04 18:00:00,40.44,53.31,0.19,49.08
2025-06-04 19:00:00,33.4,56.23,0.21,44.8
2025-06-04 20:00:00,16.96,53.18,0.85,42.92
2025-06-04 21:00:00,34.1,44.4,0.73,39.51
2025-06-04 22:00:00,38.05,61.32,0.23,44.39
2025-06-04 23:00:00,25.3,67.29,0.74,44.95
2025-06-05 00:00:00,36.79,58.89,0.66,49.91
2025-06-05 01:00:00,36.45,55.67,0.87,52.81
2025-06-05 02:00:00,28.17,55.56,0.09,40.73
2025-06-05 03:00:00,27.92,64.43,0.92,55.34
2025-06-05 04:00:00,34.24,49.37,0.45,42.07
2025-06-05 05:00:00,25.79,79.3,0.89,55.0
2025-06-05 06:00:00,27.29,56.78,0.56,46.54
2025-06-05 07:00:00,27.9,48.58,0.71,38.06
2025-06-05 08:00:00,21.62,67.53,0.1,37.2
2025-06-05 09:00:00,30.41,56.59,0.96,46.55
2025-06-05 10:00:00,28.02,57.96,0.37,42.37
2025-06-05 11:00:00,22.53,54.61,0.67,40.99
2025-06-05 12:00:00,24.09,55.23,0.51,34.69
2025-06-05 13:00:00,35.8,70.17,0.47,52.48
2025-06-05 14:00:00,26.57,38.79,0.7,38.34
2025-06-05 15:00:00,36.31,54.91,0.7,50.45
2025-06-05 16:00:00,30.89,58.88,0.81,48.08
2025-06-05 17:00:00,23.11,57.36,0.54,38.65
2025-06-05 18:00:00,29.52,58.45,0.73,43.98
2025-06-05 19:00:00,25.18,68.82,0.38,42.63
2025-06-05 20:00:00,28.91,64.96,0.99,47.45
2025-06-05 21:00:00,31.51,59.28,0.92,47.99
2025-06-05 22:00:00,30.63,76.74,0.83,50.99
2025-06-05 23:00:00,33.19,70.23,0.24,55.49
2025-06-06 00:00:00,31.45,72.37,0.97,50.43
2025-06-06 01:00:00,29.35,69.07,0.7,52.72
2025-06-06 02:00:00,20.31,70.46,0.01,44.0
2025-06-06 03:00:00,28.54,61.48,0.5,46.18
2025-06-06 04:00:00,32.72,63.43,0.15,45.57
2025-06-06 05:00:00,34.88,62.44,0.35,50.81
2025-06-06 06:00:00,38.57,59.73,0.99,55.93
2025-06-06 07:00:00,26.26,67.67,0.8,46.39
2025-06-06 08:00:00,31.89,47.25,0.52,44.99
2025-06-06 09:00:00,35.4,63.28,0.42,49.53
2025-06-06 10:00:00,36.83,57.45,0.56,43.37
2025-06-06 11:00:00,27.93,78.0,0.38,49.39
2025-06-06 12:00:00,37.61,75.72,0.79,50.99
2025-06-06 13:00:00,31.65,71.27,0.4,52.8
2025-06-06 14:00:00,25.88,62.51,0.34,40.85
2025-06-06 15:00:00,31.48,58.56,0.79,42.91
2025-06-06 16:00:00,29.24,64.26,0.14,45.71
2025-06-06 17:00:00,29.89,55.23,0.5,44.44
2025-06-06 18:00:00,25.66,67.0,0.97,49.48
2025-06-06 19:00:00,25.34,54.43,0.69,42.95
2025-06-06 20:00:00,32.44,63.15,0.47,43.45
2025-06-06 21:00:00,26.99,58.42,0.15,45.04
2025-06-06 22:00:00,29.75,69.14,0.42,55.88
2025-06-06 23:00:00,22.39,65.72,0.47,47.73
2025-06-07 00:00:00,28.77,66.4,0.25,47.96
2025-06-07 01:00:00,27.86,44.83,0.43,35.46
2025-06-07 02:00:00,30.92,65.94,0.74,46.99
2025-06-07 03:00:00,25.35,71.29,0.46,41.14
2025-06-07 04:00:00,29.12,67.22,0.17,48.68
2025-06-07 05:00:00,30.4,61.63,0.53,44.19
2025-06-07 06:00:00,32.12,52.59,0.01,39.18
2025-06-07 07:00:00,37.46,55.19,0.69,49.38
2025-06-07 08:00:00,34.57,47.89,0.03,45.93
2025-06-07 09:00:00,36.33,47.88,0.33,41.98
2025-06-07 10:00:00,27.93,74.54,0.58,46.01
2025-06-07 11:00:00,25.26,58.54,0.39,35.55
2025-06-07 12:00:00,40.15,57.95,0.33,48.29
2025-06-07 13:00:00,30.66,62.55,0.93,53.12
2025-06-07 14:00:00,34.51,74.11,0.72,54.68
2025-06-07 15:00:00,28.59,64.5,0.39,45.65
2025-06-07 16:00:00,35.45,69.54,0.43,47.99
2025-06-07 17:00:00,31.42,62.17,0.28,47.58
2025-06-07 18:00:00,36.44,67.31,0.11,48.04
2025-06-07 19:00:00,23.0,67.5,0.73,45.28
2025-06-07 20:00:00,26.86,59.81,0.25,34.76
2025-06-07 21:00:00,27.33,57.23,0.03,40.35
2025-06-07 22:00:00,33.32,43.96,0.69,37.02
2025-06-07 23:00:00,28.73,67.58,0.49,45.8
2025-06-08 00:00:00,33.17,67.7,0.67,52.87
2025-06-08 01:00:00,39.97,81.57,0.63,59.32
2025-06-08 02:00:00,19.62,78.01,0.16,43.68
2025-06-08 03:00:00,32.62,58.02,0.66,45.75
2025-06-08 04:00:00,41.41,76.72,0.84,59.88
2025-06-08 05:00:00,27.99,58.69,0.15,42.97
2025-06-08 06:00:00,30.06,49.25,0.68,48.42
2025-06-08 07:00:00,25.88,49.24,0.61,43.01
2025-06-08 08:00:00,25.19,53.76,0.03,34.23
2025-06-08 09:00:00,29.67,52.34,0.58,46.35
2025-06-08 10:00:00,29.3,54.99,0.61,46.77
2025-06-08 11:00:00,22.98,59.23,0.83,41.68
2025-06-08 12:00:00,40.35,44.44,0.78,46.96
2025-06-08 13:00:00,27.66,67.88,0.22,47.83
2025-06-08 14:00:00,37.68,43.75,0.7,47.35
2025-06-08 15:00:00,40.45,70.47,0.04,47.51
2025-06-08 16:00:00,33.76,72.15,0.43,52.5
2025-06-08 17:00:00,30.74,56.89,0.33,40.99
2025-06-08 18:00:00,35.42,69.36,0.92,53.71
2025-06-08 19:00:00,36.78,58.46,0.58,48.35
2025-06-08 20:00:00,32.51,56.53,0.84,41.2
2025-06-08 21:00:00,35.18,58.11,0.64,53.35
2025-06-08 22:00:00,27.83,54.13,0.82,39.44
2025-06-08 23:00:00,20.85,63.69,0.99,48.94
2025-06-09 00:00:00,26.54,41.62,0.05,35.68
2025-06-09 01:00:00,32.32,61.45,0.82,47.89
2025-06-09 02:00:00,33.1,66.23,0.72,51.73
2025-06-09 03:00:00,28.14,51.37,0.08,41.36
2025-06-09 04:00:00,33.05,47.5,0.37,50.09
2025-06-09 05:00:00,31.42,57.3,0.57,44.06
2025-06-09 06:00:00,21.93,54.82,0.88,43.79
2025-06-09 07:00:00,26.23,55.28,0.25,41.88
2025-06-09 08:00:00,26.69,57.54,0.06,42.78
2025-06-09 09:00:00,39.59,59.49,0.05,48.01
2025-06-09 10:00:00,20.8,55.0,0.41,38.8
2025-06-09 11:00:00,29.57,57.75,0.84,44.36
2025-06-09 12:00:00,34.01,62.55,0.95,49.01
2025-06-09 13:00:00,29.95,67.5,0.45,45.12
2025-06-09 14:00:00,39.02,53.41,0.46,49.96
2025-06-09 15:00:00,27.59,64.02,0.85,43.13
2025-06-09 16:00:00,35.44,59.14,0.78,45.77
2025-06-09 17:00:00,30.02,56.49,0.57,45.13
2025-06-09 18:00:00,32.5,67.18,0.24,43.77
2025-06-09 19:00:00,32.69,55.64,0.84,43.45
2025-06-09 20:00:00,26.85,66.63,0.57,47.37
2025-06-09 21:00:00,27.19,73.13,0.62,48.65
2025-06-09 22:00:00,36.83,72.18,0.66,53.62
2025-06-09 23:00:00,31.63,65.25,0.31,44.72
2025-06-10 00:00:00,26.45,56.87,0.79,40.99
2025-06-10 01:00:00,24.71,67.18,0.96,45.91
2025-06-10 02:00:00,35.34,59.19,0.94,51.38
2025-06-10 03:00:00,28.45,58.64,0.34,43.49
2025-06-10 04:00:00,28.29,39.7,0.23,37.44
2025-06-10 05:00:00,36.49,57.37,0.85,47.85
2025-06-10 06:00:00,33.91,74.34,0.85,54.48
2025-06-10 07:00:00,30.01,55.42,0.4,40.6
2025-06-10 08:00:00,19.88,70.98,0.73,46.85
2025-06-10 09:00:00,31.9,43.47,0.87,45.46
2025-06-10 10:00:00,37.82,53.54,0.79,46.65
2025-06-10 11:00:00,17.7,53.59,0.48,39.29
2025-06-10 12:00:00,25.05,42.79,0.48,32.07
2025-06-10 13:00:00,21.81,70.75,0.17,45.41
2025-06-10 14:00:00,31.33,62.37,0.34,40.6
2025-06-10 15:00:00,31.11,79.51,0.03,54.01
2025-06-10 16:00:00,25.89,57.03,0.06,40.14
2025-06-10 17:00:00,27.75,56.33,0.93,48.47
2025-06-10 18:00:00,29.79,58.29,0.23,40.91
2025-06-10 19:00:00,28.04,52.68,0.76,45.62
2025-06-10 20:00:00,31.84,59.89,0.47,46.25
2025-06-10 21:00:00,24.05,40.57,0.59,38.79
2025-06-10 22:00:00,30.86,70.07,0.46,46.69
2025-06-10 23:00:00,33.25,70.31,0.81,49.23
2025-06-11 00:00:00,34.87,75.33,0.59,54.18
2025-06-11 01:00:00,30.44,71.27,0.41,47.99
2025-06-11 02:00:00,33.68,54.82,0.96,46.97
2025-06-11 03:00:00,30.64,60.66,0.16,43.88
2025-06-11 04:00:00,23.68,59.31,0.22,38.91
2025-06-11 05:00:00,26.29,61.98,0.02,42.58
2025-06-11 06:00:00,27.57,35.39,0.51,38.15
2025-06-11 07:00:00,28.58,53.08,0.32,40.29
2025-06-11 08:00:00,32.75,76.1,0.85,51.42
2025-06-11 09:00:00,36.12,40.09,0.3,44.85
2025-06-11 10:00:00,32.66,74.51,0.88,53.79
2025-06-11 11:00:00,31.88,60.31,0.32,47.68
2025-06-11 12:00:00,30.04,59.01,0.29,46.94
2025-06-11 13:00:00,41.8,57.97,0.91,46.42
2025-06-11 14:00:00,28.3,61.13,0.53,46.53
2025-06-11 15:00:00,36.34,61.91,0.47,49.07
2025-06-11 16:00:00,35.48,63.91,0.6,47.49
2025-06-11 17:00:00,29.37,68.82,0.45,50.42
2025-06-11 18:00:00,37.22,58.51,0.7,50.88
2025-06-11 19:00:00,26.17,52.5,0.35,39.49
2025-06-11 20:00:00,37.85,52.63,0.32,42.69
2025-06-11 21:00:00,29.42,53.19,0.81,51.45
2025-06-11 22:00:00,34.82,60.35,0.84,50.98
2025-06-11 23:00:00,25.18,65.74,0.19,42.78
2025-06-12 00:00:00,30.12,43.42,0.47,44.12
2025-06-12 01:00:00,25.64,75.3,0.25,47.5
2025-06-12 02:00:00,29.16,63.22,0.54,43.39
2025-06-12 03:00:00,23.29,64.76,0.38,40.41
2025-06-12 04:00:00,26.93,66.58,0.86,48.0
2025-06-12 05:00:00,24.29,64.42,0.61,45.45
2025-06-12 06:00:00,20.91,64.54,0.01,40.37
2025-06-12 07:00:00,26.71,73.82,0.84,49.4
2025-06-12 08:00:00,37.57,47.45,0.97,44.18
2025-06-12 09:00:00,34.63,61.31,0.65,48.88
2025-06-12 10:00:00,35.19,45.09,0.95,47.75
2025-06-12 11:00:00,24.37,65.43,0.03,42.36
2025-06-12 12:00:00,27.84,53.56,0.86,40.14
2025-06-12 13:00:00,31.44,63.54,0.6,46.3
2025-06-12 14:00:00,32.24,61.3,0.39,47.42
2025-06-12 15:00:00,28.54,60.83,0.81,43.96
2025-06-12 16:00:00,28.86,62.02,0.09,48.15
2025-06-12 17:00:00,29.65,52.18,0.7,43.06
2025-06-12 18:00:00,29.95,50.57,0.01,37.46
2025-06-12 19:00:00,26.89,62.38,0.67,47.32
2025-06-12 20:00:00,26.86,64.72,0.38,39.48
2025-06-12 21:00:00,22.97,69.87,0.61,46.62
2025-06-12 22:00:00,24.06,62.13,0.07,41.12
2025-06-12 23:00:00,35.06,67.88,0.55,54.97
2025-06-13 00:00:00,27.47,75.77,0.58,50.89
2025-06-13 01:00:00,20.91,56.28,0.72,38.48
2025-06-13 02:00:00,27.87,53.08,0.38,43.28
2025-06-13 03:00:00,35.23,75.71,0.56,51.16
2025-06-13 04:00:00,29.81,58.65,0.32,46.4
2025-06-13 05:00:00,29.94,68.03,0.29,47.81
2025-06-13 06:00:00,27.23,48.22,0.71,44.99
2025-06-13 07:00:00,32.12,59.4,0.1,49.67
2025-06-13 08:00:00,31.97,57.76,0.81,46.61
2025-06-13 09:00:00,33.26,51.58,0.74,47.2
2025-06-13 10:00:00,35.31,59.27,1.0,47.4
2025-06-13 11:00:00,30.29,34.69,0.3,36.57
2025-06-13 12:00:00,31.51,49.4,0.27,45.62
2025-06-13 13:00:00,26.73,56.13,0.97,42.98
2025-06-13 14:00:00,35.66,73.59,0.99,52.26
2025-06-13 15:00:00,25.12,54.34,0.41,42.7
2025-06-13 16:00:00,35.24,50.87,0.07,42.59
2025-06-13 17:00:00,30.51,75.96,0.89,53.22
2025-06-13 18:00:00,34.8,63.99,0.1,48.78
2025-06-13 19:00:00,23.74,58.52,0.0,37.01
2025-06-13 20:00:00,36.54,74.46,0.96,51.94
2025-06-13 21:00:00,28.91,52.69,0.65,36.83
2025-06-13 22:00:00,23.86,70.27,0.23,45.0
2025-06-13 23:00:00,31.75,44.83,0.63,49.07
2025-06-14 00:00:00,30.93,60.84,0.37,44.73
2025-06-14 01:00:00,26.62,51.5,0.1,36.28
2025-06-14 02:00:00,34.6,59.78,0.72,43.78
2025-06-14 03:00:00,37.84,70.57,0.84,51.55
2025-06-14 04:00:00,18.1,65.8,0.56,41.33
2025-06-14 05:00:00,35.07,66.51,0.24,49.84
2025-06-14 06:00:00,33.18,52.69,0.96,49.88
2025-06-14 07:00:00,25.77,52.77,0.35,42.71
2025-06-14 08:00:00,28.17,55.74,0.11,42.63
2025-06-14 09:00:00,33.03,51.89,0.56,42.92
2025-06-14 10:00:00,30.4,36.33,0.23,33.31
2025-06-14 11:00:00,30.04,61.47,0.89,44.45
2025-06-14 12:00:00,26.3,61.29,0.75,46.15
2025-06-14 13:00:00,33.13,52.39,0.54,47.88
2025-06-14 14:00:00,21.58,58.07,0.16,38.46
2025-06-14 15:00:00,25.52,56.79,0.67,39.04
2025-06-14 16:00:00,27.1,57.96,0.38,42.29
2025-06-14 17:00:00,29.05,40.09,0.38,33.7
2025-06-14 18:00:00,29.3,60.09,0.08,40.48
2025-06-14 19:00:00,32.0,77.95,0.13,53.58
2025-06-14 20:00:00,33.7,60.77,0.64,50.77
2025-06-14 21:00:00,33.94,54.86,0.17,42.4
2025-06-14 22:00:00,26.03,42.37,0.59,40.84
2025-06-14 23:00:00,29.28,64.69,0.06,44.79
2025-06-15 00:00:00,30.86,59.34,0.21,45.37
2025-06-15 01:00:00,27.79,64.31,0.5,47.09
2025-06-15 02:00:00,33.98,54.34,0.04,48.66
2025-06-15 03:00:00,25.43,44.55,0.35,36.91
2025-06-15 04:00:00,26.06,69.2,0.49,49.24
2025-06-15 05:00:00,29.2,65.64,0.36,43.95
2025-06-15 06:00:00,29.9,51.66,0.58,40.24
2025-06-15 07:00:00,38.85,56.18,0.59,53.56
2025-06-15 08:00:00,33.92,78.11,0.95,59.58
2025-06-15 09:00:00,41.07,35.61,0.54,43.28
2025-06-15 10:00:00,28.25,55.45,0.19,40.41
2025-06-15 11:00:00,22.98,65.87,0.78,44.9
2025-06-15 12:00:00,38.02,59.51,0.32,46.77
2025-06-15 13:00:00,29.73,38.31,0.02,34.75
2025-06-15 14:00:00,30.18,62.56,0.34,46.88
2025-06-15 15:00:00,34.04,63.95,0.35,41.41
2025-06-15 16:00:00,30.79,69.0,0.23,48.38
2025-06-15 17:00:00,27.02,51.55,0.24,37.16
2025-06-15 18:00:00,30.11,73.05,0.14,47.22
2025-06-15 19:00:00,26.64,56.07,0.98,45.82
2025-06-15 20:00:00,28.01,62.81,0.54,43.42
2025-06-15 21:00:00,31.22,58.12,0.91,51.47
2025-06-15 22:00:00,23.23,70.63,0.98,48.9
2025-06-15 23:00:00,33.66,53.93,0.58,45.62
2025-06-16 00:00:00,34.36,55.84,0.55,47.45
2025-06-16 01:00:00,32.0,54.44,0.22,41.11
2025-06-16 02:00:00,34.29,69.46,0.71,55.15
2025-06-16 03:00:00,30.58,56.16,0.97,47.7
2025-06-16 04:00:00,33.45,58.53,0.79,48.23
2025-06-16 05:00:00,27.56,76.29,0.8,54.17
2025-06-16 06:00:00,25.96,50.27,0.17,47.55
2025-06-16 07:00:00,27.4,60.26,0.5,38.82
2025-06-16 08:00:00,28.47,33.09,0.47,37.07
2025-06-16 09:00:00,25.25,55.51,0.4,43.28
2025-06-16 10:00:00,32.19,41.93,0.28,40.32
2025-06-16 11:00:00,35.16,74.01,0.29,53.21
2025-06-16 12:00:00,34.91,48.95,0.3,44.99
2025-06-16 13:00:00,30.32,56.41,0.82,49.79
2025-06-16 14:00:00,34.58,58.63,0.91,53.29
2025-06-16 15:00:00,38.26,55.14,0.03,45.76
2025-06-16 16:00:00,31.81,69.81,0.37,46.78
2025-06-16 17:00:00,35.48,72.17,0.58,49.17
2025-06-16 18:00:00,25.57,63.71,0.49,48.56
2025-06-16 19:00:00,26.63,59.09,0.1,43.69
2025-06-16 20:00:00,33.36,69.84,0.89,52.46
2025-06-16 21:00:00,26.88,53.13,0.39,40.09
2025-06-16 22:00:00,35.57,60.08,0.38,50.7
2025-06-16 23:00:00,28.16,61.54,0.29,44.08
2025-06-17 00:00:00,29.46,59.04,0.49,40.15
2025-06-17 01:00:00,32.08,66.62,0.94,49.95
2025-06-17 02:00:00,24.83,55.11,0.83,41.2
2025-06-17 03:00:00,28.99,56.5,0.9,44.92
2025-06-17 04:00:00,38.49,50.0,0.35,44.7
2025-06-17 05:00:00,23.51,56.64,0.68,42.28
2025-06-17 06:00:00,20.84,68.19,0.03,38.06
2025-06-17 07:00:00,38.16,75.52,0.24,57.38
2025-06-17 08:00:00,24.8,64.68,0.39,41.03
2025-06-17 09:00:00,37.36,65.07,0.46,47.63
2025-06-17 10:00:00,28.49,52.19,0.22,37.91
2025-06-17 11:00:00,32.48,51.41,0.98,49.66
2025-06-17 12:00:00,37.98,66.63,0.52,52.02
2025-06-17 13:00:00,34.98,48.19,0.64,41.36
2025-06-17 14:00:00,26.47,60.23,0.96,47.88
2025-06-17 15:00:00,29.73,64.65,0.47,51.21
2025-06-17 16:00:00,23.68,67.06,0.5,33.3
2025-06-17 17:00:00,29.81,63.67,0.42,44.7
2025-06-17 18:00:00,32.21,68.47,0.38,45.14
2025-06-17 19:00:00,20.89,63.02,0.83,39.64
2025-06-17 20:00:00,24.69,48.89,0.96,45.78
2025-06-17 21:00:00,34.9,63.63,0.81,50.92
2025-06-17 22:00:00,33.94,58.18,0.84,50.86
2025-06-17 23:00:00,40.22,42.22,0.44,46.19
2025-06-18 00:00:00,24.54,64.39,0.17,44.19
2025-06-18 01:00:00,23.15,32.88,0.62,33.53
2025-06-18 02:00:00,31.61,53.05,0.2,40.76
2025-06-18 03:00:00,29.39,68.73,0.75,48.89
2025-06-18 04:00:00,31.78,60.57,0.75,41.22
2025-06-18 05:00:00,31.62,39.61,0.26,36.28
2025-06-18 06:00:00,22.16,52.81,1.0,38.8
2025-06-18 07:00:00,31.75,66.52,0.35,48.83
2025-06-18 08:00:00,33.65,58.14,0.41,46.94
2025-06-18 09:00:00,28.63,64.06,0.24,41.73
2025-06-18 10:00:00,34.33,59.27,0.67,50.6
2025-06-18 11:00:00,34.84,52.02,0.68,43.17
2025-06-18 12:00:00,37.0,50.58,0.37,48.94
2025-06-18 13:00:00,31.03,52.7,0.06,35.22
2025-06-18 14:00:00,32.36,60.84,0.72,49.98
2025-06-18 15:00:00,33.6,56.74,0.08,40.4
2025-06-18 16:00:00,30.6,72.98,0.27,54.06
2025-06-18 17:00:00,35.41,61.23,0.8,51.49
2025-06-18 18:00:00,29.63,58.17,0.84,47.32
2025-06-18 19:00:00,23.31,43.77,0.82,38.52
2025-06-18 20:00:00,37.3,56.12,0.64,47.84
2025-06-18 21:00:00,25.55,70.67,0.54,47.66
2025-06-18 22:00:00,35.02,68.49,0.99,56.13
2025-06-18 23:00:00,25.6,42.54,0.91,41.45
2025-06-19 00:00:00,25.02,72.31,0.84,48.86
2025-06-19 01:00:00,30.34,60.05,0.78,50.85
2025-06-19 02:00:00,29.92,59.55,0.44,45.48
2025-06-19 03:00:00,25.74,68.19,0.49,41.71
2025-06-19 04:00:00,25.97,44.57,0.15,40.52
2025-06-19 05:00:00,36.92,60.78,0.97,46.91
2025-06-19 06:00:00,33.0,61.23,0.72,45.95
2025-06-19 07:00:00,31.05,51.93,0.19,41.59
2025-06-19 08:00:00,33.86,54.2,0.65,51.19
2025-06-19 09:00:00,35.96,55.92,0.27,46.65
2025-06-19 10:00:00,38.86,87.16,0.95,55.15
2025-06-19 11:00:00,32.86,57.46,0.39,46.45
2025-06-19 12:00:00,32.23,42.97,0.34,37.67
2025-06-19 13:00:00,25.56,66.87,0.22,45.39
2025-06-19 14:00:00,30.13,42.19,0.25,38.69
2025-06-19 15:00:00,27.31,63.99,0.73,43.18
2025-06-19 16:00:00,33.67,56.12,0.41,45.5
2025-06-19 17:00:00,19.6,53.41,0.02,35.17
2025-06-19 18:00:00,26.05,64.86,0.04,45.6
2025-06-19 19:00:00,34.76,57.24,0.51,41.48
2025-06-19 20:00:00,37.98,36.52,0.27,40.42
2025-06-19 21:00:00,35.88,59.4,0.9,46.93
2025-06-19 22:00:00,21.7,64.56,0.84,45.97
2025-06-19 23:00:00,23.49,33.19,0.12,28.7
2025-06-20 00:00:00,33.24,48.69,0.79,49.27
2025-06-20 01:00:00,21.14,41.26,0.4,32.72
2025-06-20 02:00:00,23.83,55.99,0.95,40.84
2025-06-20 03:00:00,30.88,53.95,0.48,45.26
2025-06-20 04:00:00,31.01,68.89,0.95,50.55
2025-06-20 05:00:00,30.18,50.05,0.35,41.9
2025-06-20 06:00:00,35.2,60.79,0.04,43.86
2025-06-20 07:00:00,33.72,54.54,0.46,48.49
2025-06-20 08:00:00,19.07,54.28,0.95,44.31
2025-06-20 09:00:00,32.68,61.91,0.6,46.56
2025-06-20 10:00:00,28.39,50.26,0.22,43.92
2025-06-20 11:00:00,33.67,66.32,0.81,50.8
2025-06-20 12:00:00,24.84,46.6,0.34,37.51
2025-06-20 13:00:00,41.7,62.26,0.37,52.38
2025-06-20 14:00:00,44.4,51.57,0.87,52.08
2025-06-20 15:00:00,34.72,69.87,0.79,53.16
2025-06-20 16:00:00,40.63,38.83,0.88,45.98
2025-06-20 17:00:00,24.22,22.89,0.24,28.15
2025-06-20 18:00:00,35.5,60.25,0.62,47.9
2025-06-20 19:00:00,30.59,44.71,0.16,35.32
2025-06-20 20:00:00,43.09,53.92,0.35,43.96
2025-06-20 21:00:00,30.39,53.2,0.02,40.5
2025-06-20 22:00:00,28.54,61.95,0.76,50.58
2025-06-20 23:00:00,19.74,68.99,0.05,41.25
2025-06-21 00:00:00,33.48,51.62,0.58,41.91
2025-06-21 01:00:00,29.14,74.42,0.78,47.96
2025-06-21 02:00:00,25.22,54.9,0.71,44.93
2025-06-21 03:00:00,33.85,54.65,0.23,51.8
2025-06-21 04:00:00,34.43,53.29,0.9,54.04
2025-06-21 05:00:00,30.26,54.69,0.44,41.74
2025-06-21 06:00:00,24.65,59.53,0.34,45.01
2025-06-21 07:00:00,28.5,58.92,0.2,42.03
2025-06-21 08:00:00,27.9,64.07,0.65,44.5
2025-06-21 09:00:00,28.64,61.67,0.78,45.3
2025-06-21 10:00:00,34.27,70.6,0.74,52.36
2025-06-21 11:00:00,42.68,74.23,0.31,52.42
2025-06-21 12:00:00,30.04,53.35,0.22,33.53
2025-06-21 13:00:00,31.93,47.16,0.59,39.59
2025-06-21 14:00:00,18.59,64.74,0.06,36.75
2025-06-21 15:00:00,27.7,57.92,0.55,41.01
2025-06-21 16:00:00,28.7,51.11,0.71,44.49
2025-06-21 17:00:00,18.64,59.45,0.9,40.9
2025-06-21 18:00:00,32.45,56.07,0.19,42.67
2025-06-21 19:00:00,34.66,32.26,0.88,46.51
2025-06-21 20:00:00,26.84,69.71,0.36,49.24
2025-06-21 21:00:00,26.41,52.34,0.23,42.77
2025-06-21 22:00:00,23.21,59.26,0.08,38.83
2025-06-21 23:00:00,23.76,68.34,0.31,39.26
2025-06-22 00:00:00,32.18,43.9,0.24,35.72
2025-06-22 01:00:00,28.7,63.25,0.83,46.97
2025-06-22 02:00:00,29.46,92.06,0.36,57.41
2025-06-22 03:00:00,27.16,55.7,0.75,49.74
2025-06-22 04:00:00,34.79,64.64,0.13,48.62
2025-06-22 05:00:00,30.78,49.58,0.42,44.08
2025-06-22 06:00:00,31.21,39.9,0.13,37.97
2025-06-22 07:00:00,25.03,77.76,0.0,47.06
2025-06-22 08:00:00,31.81,60.87,0.86,47.6
2025-06-22 09:00:00,33.62,67.47,0.04,49.63
2025-06-22 10:00:00,40.72,60.74,0.86,55.62
2025-06-22 11:00:00,36.68,44.71,0.9,46.13
2025-06-22 12:00:00,33.83,78.64,0.87,53.01
2025-06-22 13:00:00,34.56,70.46,0.12,44.69
2025-06-22 14:00:00,32.77,62.56,0.66,47.72
2025-06-22 15:00:00,27.83,73.0,0.46,44.27
2025-06-22 16:00:00,30.79,26.03,0.21,38.64
2025-06-22 17:00:00,25.28,62.55,0.3,40.64
2025-06-22 18:00:00,19.29,71.13,0.03,41.37
2025-06-22 19:00:00,31.83,47.62,0.18,44.84
2025-06-22 20:00:00,33.38,56.57,0.99,48.65
2025-06-22 21:00:00,24.98,52.29,0.73,45.61
2025-06-22 22:00:00,35.64,52.92,0.98,50.32
2025-06-22 23:00:00,31.04,46.95,0.62,43.43
2025-06-23 00:00:00,34.15,43.63,0.88,42.97
2025-06-23 01:00:00,37.41,69.86,0.92,53.03
2025-06-23 02:00:00,39.92,39.16,0.74,44.53
2025-06-23 03:00:00,27.15,55.02,0.4,46.27
2025-06-23 04:00:00,29.42,80.38,0.42,53.3
2025-06-23 05:00:00,29.41,51.96,0.37,43.17
2025-06-23 06:00:00,31.35,59.59,0.21,44.25
2025-06-23 07:00:00,16.06,60.74,0.93,42.52
2025-06-23 08:00:00,29.97,56.01,0.1,41.87
2025-06-23 09:00:00,20.87,55.56,0.26,36.25
2025-06-23 10:00:00,38.58,59.73,0.96,55.03
2025-06-23 11:00:00,29.85,72.17,0.72,47.83
2025-06-23 12:00:00,32.77,55.12,0.81,46.06
2025-06-23 13:00:00,27.11,52.83,0.46,33.94
2025-06-23 14:00:00,31.85,76.66,0.4,53.3
2025-06-23 15:00:00,28.59,59.84,0.82,55.6
2025-06-23 16:00:00,35.63,53.61,0.76,49.04
2025-06-23 17:00:00,23.69,63.91,0.13,46.01
2025-06-23 18:00:00,19.92,60.41,0.76,45.79
2025-06-23 19:00:00,32.63,62.37,0.38,49.31
2025-06-23 20:00:00,39.82,57.43,0.42,50.44
2025-06-23 21:00:00,28.18,55.02,0.22,40.81
2025-06-23 22:00:00,35.18,69.5,0.32,47.77
2025-06-23 23:00:00,31.89,68.83,0.25,47.39
2025-06-24 00:00:00,34.89,37.43,0.65,38.21
2025-06-24 01:00:00,34.63,46.53,0.01,43.88
2025-06-24 02:00:00,39.83,67.03,0.74,54.04
2025-06-24 03:00:00,29.21,56.16,0.48,41.79
2025-06-24 04:00:00,27.58,61.6,0.68,47.21
2025-06-24 05:00:00,20.79,54.57,0.45,38.12
2025-06-24 06:00:00,34.02,61.58,0.26,44.02
2025-06-24 07:00:00,24.15,84.3,0.77,57.97
2025-06-24 08:00:00,24.91,83.48,0.74,53.01
2025-06-24 09:00:00,26.59,58.6,0.04,41.38
2025-06-24 10:00:00,30.96,44.16,0.68,42.17
2025-06-24 11:00:00,41.81,49.59,0.47,47.6
2025-06-24 12:00:00,28.8,47.59,0.15,37.49
2025-06-24 13:00:00,28.78,64.63,0.76,48.52
2025-06-24 14:00:00,24.9,58.57,0.52,39.0
2025-06-24 15:00:00,33.06,58.89,0.05,43.35
2025-06-24 16:00:00,22.96,50.07,0.95,42.53
2025-06-24 17:00:00,17.34,65.84,0.77,39.03
2025-06-24 18:00:00,34.48,52.16,0.8,46.41
2025-06-24 19:00:00,30.84,54.1,0.94,46.06
2025-06-24 20:00:00,30.07,51.65,0.37,43.01
2025-06-24 21:00:00,29.52,69.07,0.77,47.57
2025-06-24 22:00:00,34.47,69.49,0.66,55.93
2025-06-24 23:00:00,28.37,56.27,0.52,43.66
2025-06-25 00:00:00,28.39,58.15,0.11,43.95
2025-06-25 01:00:00,31.26,61.66,0.75,50.44
2025-06-25 02:00:00,30.98,51.93,0.67,46.64
2025-06-25 03:00:00,25.33,71.37,0.39,43.91
2025-06-25 04:00:00,38.72,51.2,0.9,49.67
2025-06-25 05:00:00,24.0,50.64,0.26,32.48
2025-06-25 06:00:00,25.56,40.73,0.76,36.59
2025-06-25 07:00:00,34.87,49.04,0.93,46.4
2025-06-25 08:00:00,29.66,56.01,0.28,39.13
2025-06-25 09:00:00,27.7,79.79,0.37,52.65
2025-06-25 10:00:00,23.79,58.98,0.18,39.22
2025-06-25 11:00:00,23.26,61.83,0.3,43.18
2025-06-25 12:00:00,27.28,59.69,0.46,45.24
2025-06-25 13:00:00,33.92,79.97,0.13,51.4
2025-06-25 14:00:00,32.58,58.39,0.58,41.11
2025-06-25 15:00:00,22.95,66.86,0.13,46.53
2025-06-25 16:00:00,32.74,70.29,0.06,48.14
2025-06-25 17:00:00,29.89,60.19,0.53,43.94
2025-06-25 18:00:00,29.88,56.18,0.42,47.07
2025-06-25 19:00:00,22.18,73.28,0.22,38.46
2025-06-25 20:00:00,40.48,51.68,0.6,51.97
2025-06-25 21:00:00,20.41,50.56,0.07,33.49
2025-06-25 22:00:00,26.36,60.25,0.41,42.03
2025-06-25 23:00:00,27.52,65.37,0.11,44.6
2025-06-26 00:00:00,23.94,52.49,0.61,40.64
2025-06-26 01:00:00,31.91,68.07,0.85,54.04
2025-06-26 02:00:00,36.61,68.87,0.4,53.48
2025-06-26 03:00:00,21.3,45.25,0.65,42.68
2025-06-26 04:00:00,37.17,78.8,0.71,57.46
2025-06-26 05:00:00,29.74,61.07,1.0,48.56
2025-06-26 06:00:00,27.84,55.47,0.1,44.44
2025-06-26 07:00:00,34.17,77.83,0.93,55.34
2025-06-26 08:00:00,37.5,48.09,0.71,48.97
2025-06-26 09:00:00,30.38,58.8,0.09,42.33
2025-06-26 10:00:00,34.98,66.78,0.64,49.62
2025-06-26 11:00:00,32.48,60.88,0.32,44.79
2025-06-26 12:00:00,28.9,53.93,0.59,42.08
2025-06-26 13:00:00,25.26,62.4,0.01,40.41
2025-06-26 14:00:00,27.77,69.48,0.35,49.79
2025-06-26 15:00:00,27.39,63.74,0.49,46.76
2025-06-26 16:00:00,46.1,64.07,0.73,53.18
2025-06-26 17:00:00,38.25,61.33,0.84,50.74
2025-06-26 18:00:00,29.71,58.5,0.93,42.66
2025-06-26 19:00:00,38.5,70.36,0.03,49.74
2025-06-26 20:00:00,23.4,59.13,0.94,39.89
2025-06-26 21:00:00,33.39,58.2,0.9,46.48
2025-06-26 22:00:00,29.25,69.43,0.31,41.79
2025-06-26 23:00:00,32.65,51.53,0.22,42.04
2025-06-27 00:00:00,42.1,51.97,0.92,49.75
2025-06-27 01:00:00,35.47,67.88,0.69,53.89
2025-06-27 02:00:00,22.17,59.32,0.15,37.03
2025-06-27 03:00:00,23.01,53.17,0.5,44.48
2025-06-27 04:00:00,32.92,75.25,0.11,51.86
2025-06-27 05:00:00,36.77,45.14,0.73,41.87
2025-06-27 06:00:00,33.04,55.46,0.46,43.53
2025-06-27 07:00:00,23.74,67.41,0.85,47.73
2025-06-27 08:00:00,34.33,60.4,0.54,45.42
2025-06-27 09:00:00,34.42,59.38,0.45,49.83
2025-06-27 10:00:00,31.12,42.31,0.78,40.04
2025-06-27 11:00:00,34.15,59.34,0.31,50.1
2025-06-27 12:00:00,31.8,65.92,0.17,46.31
2025-06-27 13:00:00,34.33,58.13,0.97,50.59
2025-06-27 14:00:00,31.39,44.49,0.77,41.16
2025-06-27 15:00:00,28.27,66.58,0.01,44.72
2025-06-27 16:00:00,24.05,57.29,0.0,43.42
2025-06-27 17:00:00,26.25,82.47,0.48,50.03
2025-06-27 18:00:00,26.45,44.04,0.67,39.28
2025-06-27 19:00:00,30.12,62.13,0.39,47.1
2025-06-27 20:00:00,36.81,58.78,0.74,46.93
2025-06-27 21:00:00,31.92,60.84,0.47,46.42
2025-06-27 22:00:00,35.88,58.4,0.44,50.6
2025-06-27 23:00:00,27.84,67.89,0.66,41.67
2025-06-28 00:00:00,28.79,51.75,0.98,51.2
2025-06-28 01:00:00,28.98,57.65,0.64,46.65
2025-06-28 02:00:00,27.89,61.78,0.77,46.16
2025-06-28 03:00:00,31.85,49.18,0.39,46.11
2025-06-28 04:00:00,31.42,35.33,0.88,40.96
2025-06-28 05:00:00,32.61,54.8,0.24,44.43
2025-06-28 06:00:00,30.44,59.25,0.62,42.9
2025-06-28 07:00:00,28.15,52.63,0.9,43.18
2025-06-28 08:00:00,31.92,74.0,0.25,48.24
2025-06-28 09:00:00,32.11,55.15,0.45,41.87
2025-06-28 10:00:00,25.9,60.0,0.15,45.9
2025-06-28 11:00:00,26.27,49.37,0.56,39.95
2025-06-28 12:00:00,27.3,63.43,0.33,43.85
2025-06-28 13:00:00,37.66,38.74,0.13,45.96
2025-06-28 14:00:00,13.89,67.24,0.63,44.7
2025-06-28 15:00:00,32.76,66.68,0.46,52.51
2025-06-28 16:00:00,38.1,48.25,0.5,43.01
2025-06-28 17:00:00,26.89,57.87,0.8,47.15
2025-06-28 18:00:00,36.01,55.35,0.34,49.93
2025-06-28 19:00:00,36.8,66.75,0.22,50.12
2025-06-28 20:00:00,33.75,65.48,0.16,48.15
2025-06-28 21:00:00,25.94,52.04,0.14,43.49
2025-06-28 22:00:00,26.7,63.14,0.89,52.0
2025-06-28 23:00:00,33.25,56.39,0.44,47.57
2025-06-29 00:00:00,28.37,55.53,0.88,43.36
2025-06-29 01:00:00,42.21,46.38,0.57,50.06
2025-06-29 02:00:00,39.77,63.74,0.48,47.76
2025-06-29 03:00:00,18.68,58.53,0.81,35.39
2025-06-29 04:00:00,34.26,61.82,0.75,52.15
2025-06-29 05:00:00,30.37,76.06,0.16,49.0
2025-06-29 06:00:00,36.19,61.59,0.0,45.27
2025-06-29 07:00:00,36.98,45.53,0.45,40.4
2025-06-29 08:00:00,35.55,69.28,0.33,40.43
2025-06-29 09:00:00,25.78,75.88,0.67,48.31
2025-06-29 10:00:00,27.5,67.81,0.23,42.85
2025-06-29 11:00:00,26.29,61.88,0.83,39.34
2025-06-29 12:00:00,30.28,40.03,0.21,40.11
2025-06-29 13:00:00,35.14,73.16,0.23,54.51
2025-06-29 14:00:00,26.3,63.67,0.47,42.95
2025-06-29 15:00:00,25.67,62.88,0.33,43.31
2025-06-29 16:00:00,26.3,70.51,0.94,55.73
2025-06-29 17:00:00,21.3,87.61,0.15,47.77
2025-06-29 18:00:00,27.53,61.84,0.45,46.35
2025-06-29 19:00:00,29.15,58.67,0.47,41.58
2025-06-29 20:00:00,26.07,52.9,0.21,44.16
2025-06-29 21:00:00,32.58,74.31,0.03,54.1
2025-06-29 22:00:00,34.24,63.8,0.4,44.04
2025-06-29 23:00:00,37.55,55.09,0.81,52.62
2025-06-30 00:00:00,34.89,53.77,0.64,42.59
2025-06-30 01:00:00,27.58,60.06,0.91,47.27
2025-06-30 02:00:00,28.55,78.3,0.31,50.1
2025-06-30 03:00:00,27.34,57.91,0.65,47.92
2025-06-30 04:00:00,23.75,61.67,0.63,39.67
2025-06-30 05:00:00,35.33,75.54,0.95,57.48
2025-06-30 06:00:00,29.16,60.73,0.47,47.28
2025-06-30 07:00:00,34.49,46.48,0.74,43.73
2025-06-30 08:00:00,29.54,65.4,0.76,51.35
2025-06-30 09:00:00,34.75,43.64,0.87,41.79
2025-06-30 10:00:00,18.73,66.57,0.8,40.42
2025-06-30 11:00:00,28.95,68.98,0.66,46.71
2025-06-30 12:00:00,29.19,68.96,0.48,39.53
2025-06-30 13:00:00,33.28,74.34,0.23,51.91
2025-06-30 14:00:00,28.53,65.7,0.98,49.02
2025-06-30 15:00:00,22.11,58.24,0.2,38.12
2025-06-30 16:00:00,22.79,70.85,0.69,41.49
2025-06-30 17:00:00,39.54,66.92,0.59,54.27
2025-06-30 18:00:00,34.53,46.99,0.6,40.0
2025-06-30 19:00:00,32.43,78.81,0.34,52.87
2025-06-30 20:00:00,30.34,39.43,0.63,42.53
2025-06-30 21:00:00,36.7,75.6,0.39,52.6
2025-06-30 22:00:00,29.37,49.65,0.57,38.73
2025-06-30 23:00:00,30.11,51.01,0.04,44.39
